FID,Shape *,id,author_id,lang,created_at,geo__coord,geo__coo_1,text,entities__
0,Point,1.34E+18,1.32E+18,en,2020-12-18T15:22:24.000Z,37.388,11.5925,Just posted a photo @ Bahir Dar https://t.co/Hiw9QkF4mm,https://t.co/Hiw9QkF4mm
1,Point,1.31E+18,1940217950,en,2020-09-21T12:05:09.000Z,37.388,11.5925,Just posted a photo @ Bahir Dar https://t.co/tCSsxui1Zm,https://t.co/tCSsxui1Zm
2,Point,1.31E+18,413219870,in,2020-09-21T09:38:45.000Z,37.388,11.5925,Tis esat @ Bahir Dar https://t.co/ydUYU4Uu7W,https://t.co/ydUYU4Uu7W
3,Point,1.30E+18,9.30E+17,en,2020-08-16T16:25:34.000Z,37.388,11.5925,Just posted a photo @ Bahir Dar https://t.co/oEFIiwchNB,https://t.co/oEFIiwchNB
4,Point,1.29E+18,201250523,en,2020-08-14T05:52:04.000Z,37.388,11.5925,???? ??? ??\nShe's got the eyes for photography \n@bethina_abrha @ Bahir Dar https://t.co/JONNpR3GMm,https://t.co/JONNpR3GMm
5,Point,1.29E+18,260111321,ar,2020-08-11T21:02:28.000Z,37.388,11.5925,??? ??? ???????. ???? ??? ????? ?????? ??????? ? ???? ???? ? ?????? ?? ????? ????? ???? ????? ??? ??????.. ?? ???? ???? ???? ?????? ? ??????? ?????? ???????.. ???????? ???? ? ??????? ????… https://t.co/RpVbVmfEyP,https://t.co/RpVbVmfEyP
6,Point,1.29E+18,4424001023,en,2020-08-06T11:42:42.000Z,37.381,11.5998,Bahirdar Grand Resort Hotel view from my room at Jacaranda Hotel ?? being watched by Alex @kerrywashington @simienimage #simienimage #travelethiopia???? @ Jacaranda Hotel Bd https://t.co/yJGY2dIcSc,https://t.co/yJGY2dIcSc
7,Point,1.26E+18,3023172234,en,2020-05-14T12:04:08.000Z,37.3833,11.6001,fuck tempess, 
8,Point,1.26E+18,15082697,en,2020-05-07T09:08:25.000Z,37.3819,11.596,"The Great Lockdown. Reading in Ethiopia for the last 1700 years has involved making your own parchment, then binding your own Coptic books and then using scribes to write your texts. Small but beautiful. Craft and… https://t.co/mygBzt6qL9",https://t.co/mygBzt6qL9
9,Point,1.25E+18,260111321,ar,2020-04-03T22:44:24.000Z,37.388,11.5925,???? ??????? ?? ?????? ???? ??????? ????? ????? ????? ????? ????? ??? ?????.. ????????? ?? ????? ????????? ???? ?? ??? ????????? ?? ??? ????? ?????? ????????? ??? ????.. ?? ???? ????? ??????? ???? ???? ???????? ??… https://t.co/sYiJYm2Q2p,https://t.co/sYiJYm2Q2p
10,Point,1.23E+18,1726541742,fr,2020-03-01T21:02:16.000Z,37.3845,11.5986,Dallol salt plain! #dalloldepression #greatsaltplains #bonafideethiopiatours @ Bona Fide Ethiopia Tour and Travel operation https://t.co/hWFq8Q1O4y,https://t.co/hWFq8Q1O4y
11,Point,1.23E+18,200751009,en,2020-02-09T14:59:43.000Z,37.3641,11.5988,It’s hot here.  A cold beer is good to find and this is a nice lager. - Drinking a Cold Gold by Habesha Breweries @ Homland hotel  — https://t.co/ugK5nuvXb6,https://t.co/ugK5nuvXb6
12,Point,1.23E+18,1726541742,en,2020-02-06T10:11:17.000Z,37.3845,11.5986,Abysinian ground horn bills..I capture this pic bird crossing the road on our drive to Langono. #birds_captures #groundhornbill #bonafideethiopiatours #mobilephotography #ethiopia @ Bona Fide Ethiopia Tour and Travel… https://t.co/b0fwDRMevc,https://t.co/b0fwDRMevc
13,Point,1.22E+18,4424001023,en,2020-01-19T04:31:03.000Z,37.3886,11.5937,"MEET ME if you can! \n\nOn the way to Gondar, stop for overnight here in Bahirdar to show mates this Romantic Town and to see Homies. #visit @ Bahir Dar - ??? ?? https://t.co/F5YJw6ScS5",https://t.co/F5YJw6ScS5
14,Point,1.22E+18,4084211,en,2020-01-14T14:08:52.000Z,37.3833,11.6,"Patiently Waiting On Gondar Road #ethiopia #gondar #bahirdar #amhara #hornofafrica #africa #wolo #gojam @ Bahar Dar Ghiorghis, Gojam, Ethiopia https://t.co/8YTam7C1LP",https://t.co/8YTam7C1LP
15,Point,1.22E+18,4084211,en,2020-01-14T13:58:52.000Z,37.3833,11.6,"Smiling shopkeeper on Gondar Road #ethiopia #gondar #hornofafrica #bahirdar #africa #amhara @ Bahar Dar Ghiorghis, Gojam, Ethiopia https://t.co/fOEiWD2v2t",https://t.co/fOEiWD2v2t
16,Point,1.21E+18,151456875,in,2020-01-08T12:06:32.000Z,37.388,11.5925,#moodall2020 #JammingWithAFewGoodMen\n@Chin_iAm @kamalajiboye abiolaoke \n#TumaNesh @ Bahir Dar https://t.co/R4FjkyVoKy,https://t.co/R4FjkyVoKy
17,Point,1.21E+18,356757162,und,2020-01-01T16:16:31.000Z,37.3886,11.5937,Lac Tana #ethiopia Là où naît le Nil bleu ! ? ???? ??? ???? ??????! à Bahir Dar - ??? ?? https://t.co/Z1RjaPn6Dh,https://t.co/Z1RjaPn6Dh
18,Point,1.21E+18,1317780956,en,2019-12-31T04:33:58.000Z,37.3843,11.5986,"Bringing in the new year at Lake Tana. Mantra for 2020: more being, less doing. \n\nAzla will be closed on 12/31 and 1/1. We will see you on the other side of 2020 familia? #melkamaddisamet @ Bahir Dar Kuriftu https://t.co/to2AQ5h0w7",https://t.co/to2AQ5h0w7
19,Point,1.21E+18,65052556,en,2019-12-30T23:39:09.000Z,37.3886,11.5937,When the Couple behind you is shooting their cover of Africa W magazine... atleast I got photobombed by the best to ever do it @burrcardi and conor  #Tumanesh @ Bahir Dar - ??? ?? https://t.co/isV8iViB6o,https://t.co/isV8iViB6o
20,Point,1.21E+18,20560313,en,2019-12-30T20:04:43.000Z,37.3886,11.5937,"I’m a African American trying to dance African in Africa. Thanks to my tribe for egging me on and the Red-Bone videographer @msRikki3 ( @tumabasa put me on the spot and called this guy over to me, didn’t want to… https://t.co/argyRpnIR7",https://t.co/argyRpnIR7
21,Point,1.21E+18,20560313,en,2019-12-30T13:50:33.000Z,37.3886,11.5937,Look back at it! Our African drip. @msRikki3 completes me and makes me look good. #tumanesh @ Bahir Dar - ??? ?? https://t.co/CsgNU5xCSm,https://t.co/CsgNU5xCSm
22,Point,1.21E+18,34570123,fr,2019-12-30T13:12:50.000Z,37.3886,11.5937,Sustainable transport convoy. @ Bahir Dar - ??? ?? https://t.co/U5XXZXjP4K,https://t.co/U5XXZXjP4K
23,Point,1.21E+18,20560313,en,2019-12-30T08:29:36.000Z,37.3886,11.5937,"So happy we were able to witness this wedding and this experience in Bahir Dar, Ethiopia @abaynesh206 @tumabasa #tumanesh #theconnector @ Bahir Dar - ??? ?? https://t.co/vd40jn7bQD",https://t.co/vd40jn7bQD
24,Point,1.21E+18,65052556,en,2019-12-30T08:10:41.000Z,37.3843,11.5986,Just out here in Bahir Dar minding our business... when a whole photo shoot happened  Creative Directors: @elletheartist @burrcardi DP: danadanenofame #TumaNesh @ Bahir Dar Kuriftu https://t.co/kHyHJcayKu,https://t.co/kHyHJcayKu
25,Point,1.21E+18,1394059598,nl,2019-12-29T19:03:51.000Z,37.388,11.5925,29 december #orthodoxe feestdag #Ethiopië #Afrika. Ceremonies &amp; soort #bedevaart van duizenden mensen. @RuudvanEmpel @Jverdegaalcoach #NeverStopTravelling #reisbureau #Eersel #Bergeijk @ Bahir Dar https://t.co/K0eqZq2lhl,https://t.co/K0eqZq2lhl
26,Point,1.21E+18,331802622,ca,2019-12-29T17:56:00.000Z,37.3835,11.5981,"Cultureel Ethiopisch Restaurant! (@ Checheho Cultural Restaurant in Bahir Dar, Amhara) https://t.co/PU5OAWmdny",https://t.co/PU5OAWmdny
27,Point,1.21E+18,331802622,nl,2019-12-29T17:55:37.000Z,37.3835,11.5981,Matig Ethiopisch biertje! #Proost - Drinking a Harar Beer by Harar Beer @ Checheho Cultural Restaurant  — https://t.co/44KnMMXzCI,https://t.co/44KnMMXzCI
28,Point,1.21E+18,331802622,in,2019-12-29T10:43:39.000Z,37.3861,11.5976,"Lunch at #LakeTana (@ Lake Tana in Bahir Dar, Amhara) https://t.co/E9Pm78kYRd",https://t.co/E9Pm78kYRd
29,Point,1.21E+18,20560313,en,2019-12-29T07:54:19.000Z,37.388,11.5925,We celebrating with @tumabasa @abaynesh206 in Ethiopia. #TheConnector @ Bahir Dar https://t.co/wb02yrJE1w,https://t.co/wb02yrJE1w
30,Point,1.21E+18,331802622,cy,2019-12-29T03:34:27.000Z,37.3863,11.5949,Goodmorning #Ethiopia (@ Bahir Dar Ethiopia) https://t.co/YTT6T8ygog,https://t.co/YTT6T8ygog
31,Point,1.21E+18,152652098,en,2019-12-24T18:17:24.000Z,37.3886,11.5937,Here’s wishing everyone a very merry Christmas. May the year ahead be as bright and vibrant as these magnificent murals from the orthodox churches of Ethiopia. Though Axum and Lalibela are well known on the Christian… https://t.co/QOOSzmLbvh,https://t.co/QOOSzmLbvh
32,Point,1.21E+18,203237012,en,2019-12-24T18:17:04.000Z,37.3886,11.5937,Here’s wishing everyone a very merry Christmas. May the year ahead be as bright and vibrant as these magnificent murals from the orthodox churches of Ethiopia. Though Axum and Lalibela are well known on the… https://t.co/kh8oq3OW3n,https://t.co/kh8oq3OW3n
33,Point,1.21E+18,28147885,en,2019-12-22T16:12:01.000Z,37.3845,11.5985,Just posted a photo @ Ura Kidane Mihret Monastery https://t.co/W20XfIn4FB,https://t.co/W20XfIn4FB
34,Point,1.21E+18,28147885,en,2019-12-22T16:03:49.000Z,37.3843,11.5986,"A spiritual, quiet, amazing day touring 13th Century Ethiopian Orthodox monasteries on Lake Tana.  Birds, plants, incense burning everywhere, and even hippos.  Calm and perfect day with my… https://t.co/EgNZTq8MZM",https://t.co/EgNZTq8MZM
35,Point,1.21E+18,28147885,en,2019-12-22T15:58:53.000Z,37.3843,11.5986,Just posted a photo @ Bahir Dar Kuriftu https://t.co/n0XAdRIF3K,https://t.co/n0XAdRIF3K
36,Point,1.21E+18,28147885,in,2019-12-22T03:19:17.000Z,37.3843,11.5986,Sunrise on Lake Tana @ Bahir Dar Kuriftu https://t.co/FSd0aY0ZBJ,https://t.co/FSd0aY0ZBJ
37,Point,1.20E+18,1193448498,eu,2019-12-05T21:13:48.000Z,37.3888,11.5937,#laketana #bluenile #bahirdar @ Bahir Dar - ??? ?? https://t.co/KbphVAHMGf,https://t.co/KbphVAHMGf
38,Point,1.20E+18,7.14E+17,in,2019-12-05T11:07:30.000Z,37.388,11.5925,"Natural Healing 1\nBahir Dar, Ethiopia\n#ethiopia #bahirdar #nature #naturephotography #cannon #healing #healingbeauty #photography #beautyfulcity #mybeautyfulcity @ Bahir Dar https://t.co/f9FM5mMBhv",https://t.co/f9FM5mMBhv
39,Point,1.20E+18,1726541742,en,2019-11-15T15:10:55.000Z,37.3845,11.5986,Beautiful Hamer girl in the southern Omo valley Ethiopia. #hamergirl #tribalgirls #visitethiopia???????? #travelwithbonafideethiopiatours #ethiopiatravel #ethiopiantravel #bonafideethiopiatours #tribaltour… https://t.co/c6qNdRWmKP,https://t.co/c6qNdRWmKP
40,Point,1.19E+18,796736406,en,2019-11-10T19:13:20.000Z,37.3888,11.5937,Just posted a photo @ Bahir Dar - ??? ?? https://t.co/JYqxo7aQNi,https://t.co/JYqxo7aQNi
41,Point,1.18E+18,1898147886,cy,2019-10-12T19:40:15.000Z,37.3888,11.5937,"Thunder on #laketana, bahirdar ethiopia @ Bahir Dar - ??? ?? https://t.co/HaONDJQZbV",https://t.co/HaONDJQZbV
42,Point,1.17E+18,7.30E+17,in,2019-08-28T06:19:46.000Z,37.3888,11.5937,No Filter..jst Life..Thank u Bahir Dar @ Bahir Dar - ??? ?? https://t.co/BjXKOSdJoe,https://t.co/BjXKOSdJoe
43,Point,1.17E+18,2245871372,en,2019-08-27T12:51:57.000Z,37.3844,11.5986,When you see rigging a video camera you can be pretty sure that an adventure is going to happen. #Adventure #Filming #Karga. @ Bahir Dar Kuriftu https://t.co/XsyPbDO6gz,https://t.co/XsyPbDO6gz
44,Point,1.17E+18,8.82E+17,en,2019-08-25T21:36:11.000Z,37.3854,11.5957,"Good night ???? (@ Unison Hotel in Bahir Dar, Amhara) https://t.co/yUfpOpY6GX",https://t.co/yUfpOpY6GX
45,Point,1.16E+18,2245871372,en,2019-08-23T14:35:37.000Z,37.3888,11.5937,The whole point of taking pictures is so that you don’t have to explain things with words. #Filming #Crews #losangeles #Karga #Adventure #redcamera #gopro #dereje_gashaw_d_j @ Bahir Dar - ??? ?? https://t.co/xKnExruqq7,https://t.co/xKnExruqq7
46,Point,1.16E+18,2245871372,is,2019-08-23T14:18:40.000Z,37.3844,11.5986,Kuriftu lodge in Babirdar. #Lodge #monastery #Tana #shore  #dereje_gashaw_d_j @ Bahir Dar Kuriftu https://t.co/icAF9YSgRy,https://t.co/icAF9YSgRy
47,Point,1.16E+18,72601613,pt,2019-08-18T16:32:01.000Z,37.388,11.5925,"Pra finalizar essa viagem incrível na Etiópia gostaria de compartilhar que não recomendo ir “on your own”. É tudo muito diferente, é uma país muito simples de pessoas muito simples e sem infraestrutura. Nosso guia… https://t.co/kDUcJ0D2Sd",https://t.co/kDUcJ0D2Sd
48,Point,1.16E+18,4266516400,ca,2019-08-07T16:10:16.000Z,37.3888,11.5937,"-/Val, Cat/ Front al discurs de la por, odi i racisme, respondrem sempre amb AMOR,TOLERÀNCIA i JUSTÍCIA SOCIAL. I si ens posàrem a les xarxes una foto bonica amb persones de diferent color, religió, cultura, com a… https://t.co/ojLG53j0xK",https://t.co/ojLG53j0xK
49,Point,1.16E+18,4266516400,en,2019-08-05T09:53:35.000Z,37.3888,11.5937,They are called Papyrus boat and have been used in Lake Tana since 9th century.\nLake taka is located in Bahir Dar. It's the biggest lake in Ethiopia and one of the biggest in Africa.\nEthiopia is live history and rich… https://t.co/5ks0aemlF7,https://t.co/5ks0aemlF7
50,Point,1.16E+18,4266516400,ca,2019-07-31T14:50:18.000Z,37.3888,11.5937,"-/Val, Cat/ Han arribat! Aquesta setmana, el director de l'IES El Ravatxol ens ho comunicava. Quin enriquiment per a l'alumnat! Escoltar de primera mà el potencial d'Etiòpia, la calidesa de la seua gent, la història… https://t.co/kM3lpg7Uyi",https://t.co/kM3lpg7Uyi
51,Point,1.16E+18,4266516400,en,2019-07-30T11:20:46.000Z,37.3888,11.5937,"Young Children don't care about differences of nationality, faith or race. So long as their companions smile, they play together happily. It seems it's only as we grow up, in the course of education, that focusing… https://t.co/CcjuBPgyOE	https://t.co/CcjuBPgyOE	 	 	 	 	 
52	Point	1.149970e+18	4266516400	en	2019-07-13T08:54:57.000Z	37.3888	11.5937	The best avocado juice I've ever tried.\nBahir Dar, Ethiopia.\n\n#travelphotograpy #fruit #health #foodporn #foodie #ethiopia #africahugs #africahugsjourney #beautiful #instagram #avocado #juice @ Bahir Dar - ??? ?? https://t.co/GlGcn6AgKM	https://t.co/GlGcn6AgKM	 	 	 	 	 
53	Point	1.149710e+18	4266516400	ca	2019-07-12T15:48:04.000Z	37.3888	11.5937	-/Val,Cat/ L'última escola visitada a Etiòpia, l'institut públic Ghion Secondary School de Bahir Dar. Hem compartit un temps d'aprenentatge únic, valuós. Hem fet debats i, enviem 44 postals a l'IES El Ravatxol de… https://t.co/CtVHDb8KiP	https://t.co/CtVHDb8KiP	 	 	 	 	 
54	Point	1.148170e+18	4266516400	ca	2019-07-08T09:47:07.000Z	37.3888	11.5937	-/Val,Cat/ Després d'una profitosa reunió amb el director i el professor d'història de l'IES Ghion de Bahir Dar, Etiòpia. És molt comú, en aquesta zona, menjar tramussos i creïlles bollides. Sempre amb Injera ( pa… https://t.co/iAMWSU9Ljg	https://t.co/iAMWSU9Ljg	 	 	 	 	 
55	Point	1.142570e+18	769126484	en	2019-06-22T22:56:42.000Z	37.388	11.5925	????Wake the f**k up????\n\n#startup #habesha #ethiopia???? @ Bahir Dar https://t.co/sJqlpjhnFp	https://t.co/sJqlpjhnFp	 	 	 	 	 
56	Point	1.141770e+18	4266516400	ca	2019-06-20T18:21:48.000Z	37.3888	11.5937	-/Val,Cat/ Etiòpia, tot i que és un país on és consumeix molta carn de vedella, pot ser un paradís per als vegetarians o vegans, amb més de 200 dies de dejuni a l'any i plats tan ben elaborats com Beyayenet. Avuí… https://t.co/outj9Ad31u	https://t.co/outj9Ad31u	 	 	 	 	 
57	Point	1.141280e+18	4266516400	ca	2019-06-19T09:34:34.000Z	37.3882	11.5946	Lake Tana , Bahir Dar, Ethiopia. \nUn troset de món que paga la pena visitar https://t.co/dWrG8ARPck	https://t.co/dWrG8ARPck	 	 	 	 	 
58	Point	1.141230e+18	230475930	es	2019-06-19T06:34:14.000Z	37.3958	11.5972	Resumen de un día increible de FORMACION y TRATAMIENTO en #bahirdar #bahirdaruniversity #etiopia #runnersforethiopia2019\n#quenotelocuentenvivelo en Bahir Dar University https://t.co/cbntT7WfRl	https://t.co/cbntT7WfRl	 	 	 	 	 
59	Point	1.137370e+18	4266516400	ca	2019-06-08T14:36:32.000Z	37.3888	11.5937	-/Val, Cat/ Ahir vam fer quasi 2h de debat Spain-Ethiopia. Que a prop estem i que lluny ens fan sentir per al benefici d'uns pocs. Ethiopia es pura simpatia, calidesa, pau. Vine i brreja't amb els locals. Que no t'ho… https://t.co/Mh5T6934gi	https://t.co/Mh5T6934gi	 	 	 	 	 
60	Point	1.136630e+18	4266516400	ca	2019-06-06T13:51:50.000Z	37.3888	11.5937	-/Val,Cat) Debats com aquests deurien fer-se cada dia als sistemes educatius d'occident. Més contacte directe amb Àfrica, més projectes educatius respectuosos amb elles i ells. Nosaltres estem ja preparades.… https://t.co/r2wErkDjQ8	https://t.co/r2wErkDjQ8	 	 	 	 	 
61	Point	1.136550e+18	4266516400	ca	2019-06-06T08:40:04.000Z	37.3888	11.5937	-/Val,Cat/ Encara que no ho semble, ahí està escrit en Amharic, el meu nom. Ahir anàrem a la conselleria d'educació de la regió de Amhara, Etiòpia, per explicar-los en què consisteixen les activitats que proposem i… https://t.co/tjBP3bvRYi	https://t.co/tjBP3bvRYi	 	 	 	 	 
62	Point	1.136240e+18	4266516400	ca	2019-06-05T12:08:10.000Z	37.3888	11.5937	-/Val,Cat/ Ara entenc perquè Haile Selassie va crear tan eficientment Ethiopian Airlines. El trajecte de Addis a Bahir Dar està banyat de Infinites muntanyes, Canyons inabarcables, Valls ferestes. \n\n???? Now i… https://t.co/VFHi3bbaOK	https://t.co/VFHi3bbaOK	 	 	 	 	 
63	Point	1.135470e+18	715940443	en	2019-06-03T09:03:54.000Z	37.3945	11.5751	Interesting discussions on research and grant proposal writing.\nThank you @UEL_News @GCRF @bdueduet! https://t.co/fXtZgbWJxg	https://t.co/fXtZgbWJxg	 	 	 	 	 
64	Point	1.130190e+18	8.167380e+17	en	2019-05-19T19:17:48.000Z	37.388	11.5925	Read my travel guide to Bahir Dar including ideas on where to stay and what to see and do.\n\nhttps://t.co/tKYg627Owc\n\n#travel #travelphotography #travelblogger #ttot #africa… https://t.co/MXf0S1XhJS	https://t.co/tKYg627Owc	 	 	 	 	 
65	Point	1.129760e+18	1.105080e+18	en	2019-05-18T14:52:33.000Z	37.3854	11.5958	It’s Saturday!\nJump high, dream big and never surrender. #Feelingawesome #SaturdayThoughts https://t.co/6Dd1jEY3Sl	https://t.co/6Dd1jEY3Sl	 	 	 	 	 
66	Point	1.128230e+18	2244204812	und	2019-05-14T09:18:24.000Z	37.388	11.5925	?? ???? @ Bahir Dar https://t.co/41lR5bKk1q	https://t.co/41lR5bKk1q	 	 	 	 	 
67	Point	1.128220e+18	2244204812	en	2019-05-14T08:57:11.000Z	37.3888	11.5937	Just posted a photo @ Bahir Dar - ??? ?? https://t.co/XaacZMbyP8	https://t.co/XaacZMbyP8	 	 	 	 	 
68	Point	1.127220e+18	144927584	in	2019-05-11T14:24:01.000Z	37.3844	11.5986	#Ethiopia\nBahir Dar\nLake Tana ?? https://t.co/MYzIobKC0J	https://t.co/MYzIobKC0J	 	 	 	 	 
69	Point	1.126830e+18	2975272448	en	2019-05-10T12:43:48.000Z	37.3888	11.5937	Fishermen feedings Great White Pelican \n????????????\nLake Tana Bahirdar Ethiopia \n\n#ethiopia #bahirdar #petermckinnon #photography #portrait #laketana #photographylovers #blackandwhite… https://t.co/BqSBeLYprj	https://t.co/BqSBeLYprj	 	 	 	 	 
70	Point	1.126750e+18	2244204812	in	2019-05-10T07:34:14.000Z	37.388	11.5925	Systems of an organism @ Bahir Dar https://t.co/BUwLo1RMXo	https://t.co/BUwLo1RMXo	 	 	 	 	 
71	Point	1.126600e+18	2975272448	et	2019-05-09T21:41:05.000Z	37.3888	11.5937	??? ???? ????? \nLake Tana \n\nGreat White Pelican in Bhairdar,Ethiopia\n\n#ethiopia #eastafrican #photooftheday #photograph #photography #bahirdar #beautiful #nikond7200… https://t.co/nIi7mGU6wl	https://t.co/nIi7mGU6wl	 	 	 	 	 
72	Point	1.122920e+18	1668597824	in	2019-04-29T17:59:44.000Z	37.388	11.5925	Peaceful #ethiopia #bahardar #africa @ Bahir Dar https://t.co/mCxcOgMOoY	https://t.co/mCxcOgMOoY	 	 	 	 	 
73	Point	1.119520e+18	2975272448	in	2019-04-20T08:48:57.000Z	37.3888	11.5937	Sunset at Lake Tana Bahirdar Ethiopia \n??????????\n\n.\n.\n.mati__man Matias.t \n.\n.\n.\n.\n.\n.\n..\n.\n.\n#ethiopia #photography #sunset #laketana #bahirdar #lovetana\n#lightroom #photoshop #creativity… https://t.co/ldTvbPU616	https://t.co/ldTvbPU616	 	 	 	 	 
74	Point	1.118440e+18	2975272448	en	2019-04-17T09:00:28.000Z	37.3888	11.5937	????Lake Tana through my camera????\n\n.\n.\n.\nmati__man\n.\n.\n.\n.\n...\n...\n\n. .\n.\n.\n.\n.\n.\n\n#ethiopia #photography #laketana #bahirdar #lovetana #mobilephotography #lightroom #africa #photoshop… https://t.co/BEcKlMn6YA	https://t.co/BEcKlMn6YA	 	 	 	 	 
75	Point	1.110950e+18	2354633134	in	2019-03-27T16:56:25.000Z	37.3833	11.6	At Blue Nile Falls Tis Abay"" @ Bahr Dar, Gojam, Ethiopia https://t.co/RA69d5QaXE",https://t.co/RA69d5QaXE
76,Point,1.11E+18,2354633134,en,2019-03-27T16:56:11.000Z,37.3888,11.5937,"while Locals in ""Tis Abay"" village heading to Market on the way to Blue nile falls. #bahirdar #bluenilefalls  #laketana #BeautifulEthiopia #Armaye_Tours @ Bahir Dar - ??? ?? https://t.co/t2nfLCN3qu",https://t.co/t2nfLCN3qu
77,Point,1.11E+18,22435820,en,2019-03-27T15:59:23.000Z,37.3888,11.5938,Crossing bridges. Crossing the world ???? @ Blue Nile Falls https://t.co/Id1EOxBR29,https://t.co/Id1EOxBR29
78,Point,1.11E+18,7.25E+17,no,2019-03-20T18:05:52.000Z,37.3833,11.6,"Har nettopp publisert et bilde @ Bahrdar Giyorgis, Gojam, Ethiopia https://t.co/9ZzhWxprNi",https://t.co/9ZzhWxprNi
79,Point,1.11E+18,1.11E+18,en,2019-03-20T17:10:42.000Z,37.3705,11.5919,Amazing fans From Bahir dar international stadium https://t.co/EhlhgJj1gM,https://t.co/EhlhgJj1gM
80,Point,1.10E+18,1.10E+18,en,2019-03-06T04:07:29.000Z,37.3888,11.5937,Just posted a photo @ Bahir Dar - ??? ?? https://t.co/CGihFzDEAW,https://t.co/CGihFzDEAW
81,Point,1.10E+18,1.10E+18,en,2019-03-04T20:36:10.000Z,37.388,11.5925,Just posted a photo @ Bahir Dar https://t.co/zktuqz7tVh,https://t.co/zktuqz7tVh
82,Point,1.10E+18,127149816,es,2019-03-04T01:35:08.000Z,37.3833,11.6,"Hombre ortodoxo quitándole la cáscara a una papa cocinada. \nLa experiencia en esta comunidad se parecía a vivir en un pesebre, el calor que se generaba era dado por la… https://t.co/zDTn3w1yJg",https://t.co/zDTn3w1yJg
83,Point,1.10E+18,1.10E+18,am,2019-03-01T13:22:32.000Z,37.388,11.5925,??? ? ???? ? ??  ??? ?? ??? ????? ??? @ Bahir Dar https://t.co/y9zGk6L5dq,https://t.co/y9zGk6L5dq
84,Point,1.09E+18,2370143220,hi,2019-01-29T21:39:41.000Z,37.3958,11.5972,Nolashada u nashaadee noocaaga @ Bahir Dar University https://t.co/oF2R51My2N,https://t.co/oF2R51My2N
85,Point,1.09E+18,351550393,und,2019-01-22T21:19:04.000Z,37.3809,11.5997,https://t.co/KEgdu3G6dm,https://t.co/KEgdu3G6dm
86,Point,1.09E+18,20632386,tr,2019-01-15T15:26:00.000Z,37.388,11.5925,#laketana #ethiopia @ Bahir Dar https://t.co/lrtrsNBan9,https://t.co/lrtrsNBan9
87,Point,1.08E+18,1565232486,und,2019-01-12T04:27:03.000Z,37.3888,11.5937,#bahirdar #jebenacoffee #beautifullpeople #zegecoffee #forestcoffee #wildcoffee #origintrip #ethicallysourced @Coffeelink #jebenacoffee #ethiopiancoffee #coffee #ethiopianbeans… https://t.co/nIWWqr1lVo,https://t.co/nIWWqr1lVo
88,Point,1.08E+18,33249938,en,2019-01-10T18:23:35.000Z,37.3888,11.5938,Take Me Back! \n.\n.\n.\n.\n. \n#january #newyear #2019 #photography #adventure #neverstopexploring #ethiopia #wanderlust #girlswhotravel  #bbctravel #lovetheworld #telegraphtravel #adventure… https://t.co/H1kMqzWP8y,https://t.co/H1kMqzWP8y
89,Point,1.08E+18,405381528,cy,2019-01-06T12:25:28.000Z,37.3912,11.5946,"Riding down the Nile river in Bahir Dar Ethiopia. https://t.co/Oo5bI6Kom8 @ Lake Tana, Bahir Dar ,Ethiophia https://t.co/omZpLdZ475",https://t.co/Oo5bI6Kom8
90,Point,1.08E+18,33249938,en,2019-01-06T09:21:42.000Z,37.388,11.5925,These huts are a theology school on the way to the Blue Nike falls in Bahir Dar. We stopped for a leg stretch and a break from the ‘African massage’ (a trip on a non-tarmac road!) Theres… https://t.co/q1YqH5EPPL,https://t.co/q1YqH5EPPL
91,Point,1.08E+18,205776551,en,2019-01-06T00:59:57.000Z,37.388,11.5925,"I would rather be here, far from you, but feeling really close, rather than close to you but feeling really far away. \n\n#hippo #cruise #bahirdar #africa #landoforigins #lake #laketana… https://t.co/YgCXO6gAmN",https://t.co/YgCXO6gAmN
92,Point,1.08E+18,33249938,en,2019-01-04T15:30:11.000Z,37.388,11.5925,"We stopped by the side of the road at the end of the trek waiting for the other half of the group to catch up. Kids started appearing from all sides, curious as to why there were 5… https://t.co/uL3n6gg42A",https://t.co/uL3n6gg42A
93,Point,1.08E+18,33249938,en,2019-01-04T04:52:24.000Z,37.388,11.5925,"The back marker on our trek, he spoke no English and my Amharic is limited to thank you, yes, no, and come here, so not a lot of chat. We got on famously though, especially when we… https://t.co/WZ09AdefQ8",https://t.co/WZ09AdefQ8
94,Point,1.08E+18,33249938,en,2019-01-03T17:49:59.000Z,37.388,11.5925,Sometimes it’s a real pleasure to reply to the plea of ‘pen! Pen!’ This gorgeous girlie spent the night before this sunrise sitting on a rock doing her homework watching the sunset.… https://t.co/N2qRQwpxAs,https://t.co/N2qRQwpxAs
95,Point,1.08E+18,237787220,en,2018-12-25T07:16:27.000Z,37.3971,11.598,"My most memorable moment this year was taking breakfast in Ethiopia, lunch with the family in Hargeisa and dinner in the capital city of Djibouti in the same day; a period of 12 hours or less. #HappyNewYear #2018Memory https://t.co/gfFlHvdTdB",https://t.co/gfFlHvdTdB
96,Point,1.08E+18,17127236,en,2018-12-22T18:14:58.000Z,37.388,11.5925,"Bahir Dar by Lake Tana.\n\nBlue Nile Falls. Road trip, then boat trip.\n\n#laketana #bahirdar #ethiopia #rasogsifpåtour sifzac #waterfall #bluenile #backgammon @ Bahir Dar https://t.co/FD4NDTlDdJ",https://t.co/FD4NDTlDdJ
97,Point,1.07E+18,2370143220,in,2018-12-17T03:58:44.000Z,37.3888,11.5937,????  Waa xarunta ugu ee ku taala kililka amharada ee at yalaan dhamaan agabkii qadiimiga ahaa ee uu gobalkani lahaa. Waxa uu ka kooban qaybta Museum. Library.… https://t.co/LiFEIk3nZD,https://t.co/LiFEIk3nZD
98,Point,1.07E+18,35259003,en,2018-12-02T13:28:57.000Z,37.3888,11.5938,I don’t think limits.\n(Usain Bolt) @ Blue Nile Falls https://t.co/f9nYSGaOAk,https://t.co/f9nYSGaOAk
99,Point,1.07E+18,42064755,en,2018-12-02T02:15:36.000Z,37.388,11.5925,"Just hugging my spirit animal, in Ethiopia. ?? #giraffe #SpiritAnimal ?????? #throwback #Ethiopia #africa #HabeshaAtHeart @ Bahir Dar https://t.co/87tXKcVD5I",https://t.co/87tXKcVD5I
100,Point,1.07E+18,2245871372,en,2018-11-25T18:59:45.000Z,37.3846,11.5985,What a fabulous places for lunch or dinner by the Shore!! #Bahirdar #Kuriftu #dere_gashaw_d_j @ Bahir Dar Kuriftu https://t.co/uZvpOIfQZM,https://t.co/uZvpOIfQZM
101,Point,1.07E+18,256670476,de,2018-11-24T05:41:44.000Z,37.3844,11.5985,"Sunshine with #lakeview. Relax and relaxation (@ Kuriftu Resort &amp; Spa in Bahir Dar, Amhara) https://t.co/UziOKmV4uW https://t.co/AvePeuC1uZ",https://t.co/UziOKmV4uW
102,Point,1.06E+18,35259003,en,2018-11-16T17:40:00.000Z,37.3888,11.5938,River God\nEnjoy your we ;) @ Blue Nile Falls https://t.co/Xw4MK0dLAq,https://t.co/Xw4MK0dLAq
103,Point,1.06E+18,35259003,it,2018-11-14T20:49:20.000Z,37.3888,11.5938,?? Non ci siamo mai visti per davvero e\nnon ci siamo mai presi per davvero in giro\nneanche per sbaglio\nneanche per sbaglio in silenzio @ Blue Nile Falls https://t.co/l92zCnEOXf,https://t.co/l92zCnEOXf
104,Point,1.06E+18,14282996,en,2018-11-06T00:31:10.000Z,37.3888,11.5937,"Beautiful Ethiopia and its colors - I miss it. Bajaj (rickshaw) driver in the shopping crowds near Bahir Dar, eyeing traffic. I never got to ride one - next Time! #ethiopia #africa ???? @… https://t.co/rgBeEgvX2X",https://t.co/rgBeEgvX2X
105,Point,1.06E+18,748786046,ar,2018-11-04T06:40:50.000Z,37.3888,11.5938,"#BlueNilefalls near #Bahrdar city #Ethiopia \n""??? ???????? ??????? ?? ??????? ?? ??? ?????? ???? ?? ?????? ?????? ???????? ?? ??????????"".. ???? ?????… https://t.co/PzJilQ4fDH",https://t.co/PzJilQ4fDH
106,Point,1.06E+18,7.44E+17,und,2018-10-25T15:22:19.000Z,37.3708,11.5762,@DrSenait https://t.co/DWjMogV9us,https://t.co/DWjMogV9us
107,Point,1.05E+18,42064755,en,2018-10-21T13:27:38.000Z,37.388,11.5925,"Looking over my life like, “I did that... and it was good.” #DeliberateCreator #LawOfAttraction #TeachingsOfAbrahamHicks #CreateYourReality #BahirDar #Ethiopia #LakeTana #BoatRide… https://t.co/nCivaxJ7x3",https://t.co/nCivaxJ7x3
108,Point,1.05E+18,14282996,en,2018-10-19T12:08:02.000Z,37.3888,11.5937,Just plugging away shooting in gorgeous 4K with my new @pixelflashtech card here in beautiful #Ethiopia. #onassignment  ???? @ Bahir Dar - ??? ?? https://t.co/E5CDLfTLin,https://t.co/E5CDLfTLin
109,Point,1.05E+18,14282996,en,2018-10-18T09:59:34.000Z,37.3888,11.5937,Sharing a meal and a smile with the amazing #Ethiopia and US teams from @jannschultz who are pitching in as a field production team! #onassignment @ Bahir Dar - ??? ?? https://t.co/ZQqbPiMZOC,https://t.co/ZQqbPiMZOC
110,Point,1.05E+18,14282996,en,2018-10-18T03:01:14.000Z,37.3888,11.5937,Sunset over the fields in beautiful agriculture northern #Ethiopia. @ Bahir Dar - ??? ?? https://t.co/brAbm7TCWA,https://t.co/brAbm7TCWA
111,Point,1.05E+18,14282996,en,2018-10-17T17:59:34.000Z,37.3888,11.5937,Beautiful drive through northern Ethiopia seeing the agricultural communities at the end of rainy season. #onassigment #ethiopia @ Bahir Dar - ??? ?? https://t.co/s1t0gofpFy,https://t.co/s1t0gofpFy
112,Point,1.05E+18,1.02E+18,en,2018-10-14T12:18:57.000Z,37.388,11.5925,Its game day today in #nairobi vs #ethiopia . I want to see if #kenyans CAN fill thier #kasaranistadium as the #ethiopians did earlier this week. It was recorded that 70 000 ticket were… https://t.co/fzRxVVl55Q,https://t.co/fzRxVVl55Q
113,Point,1.05E+18,3425227149,en,2018-10-13T21:51:43.000Z,37.388,11.5925,Just posted a photo @ Bahir Dar https://t.co/2uK7diNrTl,https://t.co/2uK7diNrTl
114,Point,1.05E+18,80811579,en,2018-09-30T06:42:54.000Z,37.3888,11.5938,#bluenilefalls #bluenile #waterfalls #nile #ethiopia #amhara #africa #travelling #nature #skuliskemnatripu @ Blue Nile Falls https://t.co/kEJAfDfMJz,https://t.co/kEJAfDfMJz
115,Point,1.04E+18,1397264851,en,2018-09-22T14:24:40.000Z,37.3914,11.5921,"your personality &amp; who you are  depends on your future vision ,not by your current situations", 
116,Point,1.04E+18,1.04E+18,en,2018-09-22T08:24:41.000Z,37.3765,11.5993,@Ethiopialiveupd Tru new, 
117,Point,1.04E+18,60983775,en,2018-09-18T19:08:56.000Z,37.388,11.5925,"Here is a series of pictures from a coffee ceremony that took place in a family’s very modest household when I was bicycling through Africa in Bahir Dar, Ethiopia.\n\nTo get all of the… https://t.co/jt58gCsgGN",https://t.co/jt58gCsgGN
118,Point,1.04E+18,9.46E+17,en,2018-09-12T08:48:26.000Z,37.395,11.5735,Happy new year https://t.co/MyAFsNSo7I,https://t.co/MyAFsNSo7I
119,Point,1.04E+18,3414996010,en,2018-09-09T13:15:08.000Z,37.3905,11.5937,&lt;VidMate&gt; How To Use The Basic Tools in Adobe Illustrator https://t.co/qN96ZSZMVR,https://t.co/qN96ZSZMVR
120,Point,1.03E+18,462649195,en,2018-08-28T09:46:31.000Z,37.3872,11.5959,@afiaoware hello my Great, 
121,Point,1.03E+18,42064755,da,2018-08-24T08:34:04.000Z,37.3833,11.6,"Eneniem nafekhegne, yene fikir, yene konjo, yene mar, yene habesha hunk. ?? The sun shines down on us. #fbf #bahirdar #ethiopia #africa #HomeIsWhereTheHeartIs #habesha #HabeshaAtHeart… https://t.co/UcIpUFBF3n",https://t.co/UcIpUFBF3n
122,Point,1.03E+18,748786046,in,2018-08-19T05:34:33.000Z,37.3833,11.6,#mango trees in #Bahirdar #ethiopia #amhararegion @ Bahir Dar - ??? ?? https://t.co/UhQQMOGiHy,https://t.co/UhQQMOGiHy
123,Point,1.02E+18,47760934,en,2018-08-01T13:47:03.000Z,37.3833,11.6,"Found this while skimming through old pictures, lightning over lake Tana in Bahir Dar, Ethiopia. #ethiopia #laketana #lake #tana #bahirdar @ Bahr Dar, Gojam, Ethiopia https://t.co/El1QM95WTm",https://t.co/El1QM95WTm
124,Point,1.02E+18,130417779,ko,2018-07-31T21:00:17.000Z,37.3833,11.6,?????? bahir Dar - ??? ?? https://t.co/cOl8TFzhml,https://t.co/cOl8TFzhml
125,Point,1.02E+18,130417779,ko,2018-07-31T03:03:18.000Z,37.388,11.5925,???? bahir Dar https://t.co/pMAXiDbsOU,https://t.co/pMAXiDbsOU
126,Point,1.02E+18,1237581086,en,2018-07-25T15:27:57.000Z,37.3863,11.5941,Bahirdar people supporting football team, 
127,Point,1.02E+18,42064755,en,2018-07-15T18:50:20.000Z,37.388,11.5925,Who needs filters? #Ethiopia #Africa #sun #trees #JebenaBuna #YeneFikir #life ?????? (Can you tell I’m having a good time)? #latergram (1wk ago) @ Bahir Dar https://t.co/kOmeRkDBoF,https://t.co/kOmeRkDBoF
128,Point,1.02E+18,748786046,ar,2018-07-13T14:48:55.000Z,37.3833,11.6,#bahirdar #amhra #Ethiopia #Ethiopian #?????? ??????? ??????? ??? ???? ?? ????? #??????? @ Bahir Dar - ??? ?? https://t.co/TjjkfDTt3Z,https://t.co/TjjkfDTt3Z
129,Point,1.02E+18,42064755,en,2018-07-11T17:02:28.000Z,37.388,11.5925,He was my bf in Bahir Dar. Lol. Who is this model!? #mengie #MensBeautySalon #ad #bahirdar #ethiopia #africa #IsHeHabesha #habesha #afro #BetamKonjo #model #menmodels #PrintModels… https://t.co/zWepNCXAUv,https://t.co/zWepNCXAUv
130,Point,1.02E+18,42064755,en,2018-07-10T23:08:39.000Z,37.388,11.5925,This was the beautiful papaya tree that stood outside my balcony in Bahir Dar. It showed me love. ?????? #PapayaTree #LoveTree #hearts #HeartTree #EatLove #BreatheLove #papaya  #BahirDar… https://t.co/NOcssmjcAo,https://t.co/NOcssmjcAo
131,Point,1.02E+18,42064755,en,2018-07-09T23:13:27.000Z,37.3833,11.6,"When in Bahir Dar, Ethiopia, take a boat ride on Lake Tana! Hear the histories. Go to the local lake village to patronize the villagers. See the old Orthodox Church and bless the monks.… https://t.co/SpObutByde",https://t.co/SpObutByde
132,Point,1.02E+18,42064755,en,2018-07-08T18:02:14.000Z,37.388,11.5925,I found a statue of my spirit animal in the most beautiful art gallery outdoor restaurant in BahirDar. (So sorry I forgot the name). There was pure freedom; celebration;  babies and… https://t.co/8I3TjDH4De,https://t.co/8I3TjDH4De
133,Point,1.02E+18,42064755,en,2018-07-08T17:49:45.000Z,37.388,11.5925,"Look at this little mamaye. ?? When the street kids come and beg for money, I promise you, if you look them in the eye, they will steal your heart. I got caught slippin’. Lol. Instead of… https://t.co/4sZXbRyxUi",https://t.co/4sZXbRyxUi
134,Point,1.01E+18,756625975,en,2018-07-01T19:55:23.000Z,37.3833,11.6,WHAT A SEAN!! #LOVE THE #sean #ethiopia #fikeryashenefal #onelove #addisababa #bahirdar #arifstyle #summer #nyc # @ Bahir Dar Stadium https://t.co/LTWiMpBWTO,https://t.co/LTWiMpBWTO
135,Point,1.01E+18,1726541742,en,2018-06-17T11:02:33.000Z,37.3845,11.5986,A young Karo boy made new hear style.… https://t.co/LLZ3apyvk5,https://t.co/LLZ3apyvk5
136,Point,1.01E+18,1726541742,en,2018-06-10T16:15:28.000Z,37.3845,11.5986,Southern Omo valley Karo #young #boy #tribe… https://t.co/TXXlBp54Pc,https://t.co/TXXlBp54Pc
137,Point,1.01E+18,7.14E+17,en,2018-06-09T05:44:24.000Z,37.3697,11.5853,"“Do not come into agreement with fear. Activate your faith, live in victory, speak over your life and expect great things to come your way.” Germany Kent\n\nHappy Saturday to you all!", 
138,Point,9.92E+17,210907690,es,2018-05-02T14:15:37.000Z,37.3857,11.5966,¿Será por murales? Los de los monasterios de Lago Tana (Etiopía) #murals #ethiopia #bahirbar https://t.co/3p6QV6G6JL,https://t.co/3p6QV6G6JL
139,Point,9.88E+17,601037258,in,2018-04-21T17:10:58.000Z,37.3789,11.592,"Tuk Tuks everywhere. Bahirdar, Ethiopia. @ Bahir Dar https://t.co/YXiplD05HI",https://t.co/YXiplD05HI
140,Point,9.88E+17,601037258,cy,2018-04-21T17:01:54.000Z,37.3789,11.592,"14th century monastery, Barhidar, Ethiopia @ Bahir Dar https://t.co/qmdiAEWhq3",https://t.co/qmdiAEWhq3
141,Point,9.88E+17,601037258,en,2018-04-21T17:00:19.000Z,37.3789,11.592,"Take your goats to market day in Bahirdar, Ethiopia @ Bahir Dar https://t.co/yO2tZbCqmX",https://t.co/yO2tZbCqmX
142,Point,9.85E+17,413219870,en,2018-04-14T23:34:54.000Z,37.3789,11.592,Just posted a photo @ Bahir Dar https://t.co/evDGv1lrZR,https://t.co/evDGv1lrZR
143,Point,9.83E+17,386206970,en,2018-04-07T10:25:44.000Z,37.3789,11.592,Lake Tana by the Blue Nile. @ Bahir Dar https://t.co/BP2uBcxZkE,https://t.co/BP2uBcxZkE
144,Point,9.82E+17,386206970,in,2018-04-06T09:30:35.000Z,37.3833,11.6,"Bahr Dar, Gojam, Ethiopia. @ Bahr Dar, Gojam, Ethiopia https://t.co/J80pIfo4mL",https://t.co/J80pIfo4mL
145,Point,9.64E+17,246371000,en,2018-02-14T20:46:29.000Z,37.3789,11.592,"Pt4. Fisherman on lake tana, bahir dar. Synchronized rowing in tandem. #visitethiopia\n#imagicus… https://t.co/qsbcsezYSD",https://t.co/qsbcsezYSD
146,Point,9.64E+17,246371000,en,2018-02-14T18:06:20.000Z,37.3789,11.592,"Pt3. Fisherman on lake tana, bahir dar. The rising sun brings with it a new tide, new waves, new… https://t.co/EJpMI3uRxR",https://t.co/EJpMI3uRxR
147,Point,9.63E+17,246371000,en,2018-02-13T18:55:47.000Z,37.3789,11.592,"Pt2. Fisherman on lake tana, bahir dar. Their mornings start before sunrise. Clad in shorts,… https://t.co/wVSdJMPSzQ",https://t.co/wVSdJMPSzQ
148,Point,9.62E+17,246371000,en,2018-02-10T11:27:58.000Z,37.3789,11.592,"Pt1. Fisherman on lake tana, bahir dar. Those little boats last them all but three days, after… https://t.co/Lq3FNF28u3",https://t.co/Lq3FNF28u3
149,Point,9.61E+17,74518333,en,2018-02-07T18:55:45.000Z,37.3789,11.592,"Exhibits at the “Amhara regional people’s martyrs memorial monument” in Bahir Dar, #Amhara,… https://t.co/TRgOp3TgZ2",https://t.co/TRgOp3TgZ2
150,Point,9.53E+17,331133488,en,2018-01-16T16:56:31.000Z,37.3789,11.592,"Walking though the green coffee vendors in Bahir Dar, Ethiopia.\n-\n??Jon Nicholson @ Bahir Dar https://t.co/eFr3mCKddc",https://t.co/eFr3mCKddc
151,Point,9.48E+17,25962452,en,2017-12-31T17:52:11.000Z,37.3833,11.6,2017... You have been kind.. You have been cruel.. You have been weird.. But you let Me prosper… https://t.co/bkY1RShJZr,https://t.co/bkY1RShJZr
152,Point,9.47E+17,25962452,en,2017-12-30T20:07:42.000Z,37.3833,11.6,En route to Bahir Dar. Goodbye 2017! Day 9/30  #BahirDar #addis #TembeaMkenya #tembeakenya… https://t.co/eOVtUlgcx8,https://t.co/eOVtUlgcx8
153,Point,9.44E+17,116392126,en,2017-12-22T04:38:09.000Z,37.3741,11.5971,The best alarm imaginable to wake you up. ??????#nature #goodmorning @ Grand Resort and Spa - Bahir… https://t.co/g5Yy3DH83O,https://t.co/g5Yy3DH83O
154,Point,9.44E+17,235306102,es,2017-12-20T18:26:51.000Z,37.3833,11.6,Retrato de la vida campesina etíope: demasiado esfuerzo para lo poco que se llevan \n#retrato… https://t.co/ZpMTib2FUK,https://t.co/ZpMTib2FUK
155,Point,9.43E+17,235306102,es,2017-12-20T07:50:04.000Z,37.3833,11.6,El café imprescindible \n#cafe #coffeetime #Ethiopia #bahirdar #travels2017 #instapose #postureo… https://t.co/WnZKIJoLwX,https://t.co/WnZKIJoLwX
156,Point,9.43E+17,235306102,ro,2017-12-20T05:49:09.000Z,37.3833,11.6,"Ura Kidanemihret Monastery, Zeghe Peninsula \n#monastery #Ethiopia #travels2017 #instatravel… https://t.co/eDvlHtr34d",https://t.co/eDvlHtr34d
157,Point,9.43E+17,235306102,es,2017-12-18T08:21:59.000Z,37.3833,11.6,Las cascadas del Nilo Azul(que de azul sólo tienen el nombre)\n#nofilter #waterfall #bluenile… https://t.co/UteVQFDLWW,https://t.co/UteVQFDLWW
158,Point,9.41E+17,1726541742,en,2017-12-13T12:03:41.000Z,37.3845,11.5986,The young #Hamar man can accomplish the bull-jumping to be a man ....and to get marriage the… https://t.co/GLGNkmlTnd,https://t.co/GLGNkmlTnd
159,Point,9.23E+17,1654678651,fr,2017-10-24T10:33:03.000Z,37.3833,11.6,La fascinante #Ethiopie représenterait en fait le berceau de la #cafeiculture : la plante… https://t.co/2EfL8Qt9ND,https://t.co/2EfL8Qt9ND
160,Point,9.20E+17,32836463,en,2017-10-17T19:19:26.000Z,37.3833,11.6,"Greetings from Addis Ababa on this 7th day of February 2010. Yep, you heard me right. It's… https://t.co/kaautMOUxu",https://t.co/kaautMOUxu
161,Point,9.10E+17,8.98E+17,en,2017-09-18T18:37:17.000Z,37.3943,11.5742,It's been a while. https://t.co/oUyZK3mu6X,https://t.co/oUyZK3mu6X
162,Point,9.04E+17,112358114,de,2017-09-02T10:09:43.000Z,37.3741,11.5971,#BahirDar #TopView ?? @ Grand Resort and Spa - Bahir Dar https://t.co/FSk0maxPUR,https://t.co/FSk0maxPUR
163,Point,9.03E+17,116392126,en,2017-09-01T03:54:51.000Z,37.3833,11.6,"In #baherdar I am accompanied by this insightful book titled ""the quest for change"" by Demessie… https://t.co/jOfdNRcHZ7",https://t.co/jOfdNRcHZ7
164,Point,9.03E+17,116392126,en,2017-08-30T16:50:42.000Z,37.3833,11.6,I enjoyed the majestic Lake Tana in the beautiful and rainy #baherdar @ Bahir Dar https://t.co/1cntJ1bi9U,https://t.co/1cntJ1bi9U
165,Point,8.97E+17,1490021100,und,2017-08-15T06:39:48.000Z,37.3886,11.5972,?? https://t.co/kQfr4gX2M6,https://t.co/kQfr4gX2M6
166,Point,8.95E+17,28499919,fr,2017-08-08T07:40:16.000Z,37.3898,11.5937,~ Vacation times. @ Rahnile Hotel Bahir Dar https://t.co/QxsRxY5TzU,https://t.co/QxsRxY5TzU
167,Point,8.86E+17,158484402,en,2017-07-13T16:46:36.000Z,37.3741,11.5971,After long ride ...almost over 8 hrs .....need to spoil myself with… https://t.co/Mj6JzVDqHX,https://t.co/Mj6JzVDqHX
168,Point,8.78E+17,3024746013,am,2017-06-22T12:24:19.000Z,37.3967,11.5787,??? ?? ?????? ??? ms????? ?????? ?? ????? ?? ???, 
169,Point,8.78E+17,171060014,en,2017-06-22T09:48:53.000Z,37.3833,11.6,Running a project management workshop as part of the #yorkshirewater #wateraid capacity building… https://t.co/YmcfhMzxv2,https://t.co/YmcfhMzxv2
170,Point,8.78E+17,4846389928,en,2017-06-21T19:03:13.000Z,37.3922,11.5927,Footbooll Rspact theisis https://t.co/JE19z7lqHB,https://t.co/JE19z7lqHB
171,Point,8.78E+17,4846389928,en,2017-06-21T17:08:19.000Z,37.3922,11.5927,CR.7 cogera brather!!!!!!!!! https://t.co/WYZTYbh66z,https://t.co/WYZTYbh66z
172,Point,8.78E+17,4846389928,en,2017-06-21T14:43:29.000Z,37.3922,11.5927,Cr.7 good lacke #Russia vs Portugal what ever your dethesion wethe you &amp; i prawed you!!!!!!!!!, 
173,Point,8.75E+17,7.66E+17,tr,2017-06-14T19:17:47.000Z,37.3833,11.6,Burger @ Bahir Dar https://t.co/4NHNDVXOhl,https://t.co/4NHNDVXOhl
174,Point,8.73E+17,164165839,en,2017-06-08T04:23:15.000Z,37.3913,11.5946,"As always, we never have a bad time here. Always welcoming. Always beautiful. If you're going to… https://t.co/tP6Xjl5uGE",https://t.co/tP6Xjl5uGE
175,Point,8.73E+17,164165839,en,2017-06-08T04:21:30.000Z,37.3913,11.5946,This little guy popped by yesterday morning to say hi. #birdies #Ethiopia @ Kuriftu Resort and… https://t.co/M8rzNv3kBv,https://t.co/M8rzNv3kBv
176,Point,8.68E+17,153477979,in,2017-05-25T15:56:28.000Z,37.3833,11.6,Kids of Bahir Dar. @ Bahir Dar https://t.co/OutDdaSLjI,https://t.co/OutDdaSLjI
177,Point,8.58E+17,4287850702,und,2017-04-27T17:37:07.000Z,37.3269,11.5726,https://t.co/NoiPhpjiKO,https://t.co/NoiPhpjiKO
178,Point,8.55E+17,168984454,en,2017-04-21T11:55:20.000Z,37.3833,11.6,Just posted a video @ Bahir Dar City - ??? ?? https://t.co/OtftVwXJeo,https://t.co/OtftVwXJeo
179,Point,8.50E+17,8.00E+17,und,2017-04-07T12:29:22.000Z,37.3982,11.5713,@teklehaimmanot https://t.co/s3IAxjHIi7,https://t.co/s3IAxjHIi7
180,Point,8.49E+17,234841378,en,2017-04-02T15:45:27.000Z,37.3809,11.5998,I'm at Jacaranda hotel https://t.co/VXpDadg8xJ,https://t.co/VXpDadg8xJ
181,Point,8.39E+17,1940217950,en,2017-03-08T07:31:50.000Z,37.3833,11.6,Feeling blessed @ Bahir Dar https://t.co/GPPNl4LlfU,https://t.co/GPPNl4LlfU
182,Point,8.31E+17,623753278,de,2017-02-13T11:41:17.000Z,37.3845,11.5985,Neu geboren ?? @ Kuriftu Resort and Hotel https://t.co/JamhCK5jAr,https://t.co/JamhCK5jAr
183,Point,8.26E+17,2600612565,en,2017-01-31T17:49:28.000Z,37.3886,11.5931,What is the next ... https://t.co/AB45VcgveQ,https://t.co/AB45VcgveQ
184,Point,8.26E+17,4187724586,en,2017-01-29T07:13:50.000Z,37.3868,11.5938,Hello steph I feel also sorry by defeated of Hilary as US great people president, 
185,Point,8.23E+17,493045376,en,2017-01-23T07:40:58.000Z,37.3907,11.5946,#TB #Ethiopia: #Lettuce planted between the road and #LakeTana. There is always room for… https://t.co/LrDyF8vfvK,https://t.co/LrDyF8vfvK
186,Point,8.23E+17,4187724586,und,2017-01-21T13:32:32.000Z,37.3302,11.5714,Yes, 
187,Point,8.23E+17,892067444,cy,2017-01-21T05:16:45.000Z,37.3863,11.5974,"#africansayings @ Lake Tana, Bahir Dar ,Ethiophia https://t.co/CuvQmtv17R",https://t.co/CuvQmtv17R
188,Point,8.22E+17,4187724586,in,2017-01-18T12:32:55.000Z,37.3886,11.5874,@alebel_alemu Alex tefah Beselam new, 
189,Point,8.22E+17,4187724586,tl,2017-01-18T12:32:18.000Z,37.3887,11.5874,@kassaye_berihun kasish, 
190,Point,8.21E+17,48134946,en,2017-01-15T09:52:58.000Z,37.3863,11.5974,"Kayaking with a tankwa and some pelicanus around @ Lake Tana, Bahir… https://t.co/6DS8vhaXon",https://t.co/6DS8vhaXon
191,Point,8.20E+17,48134946,en,2017-01-14T16:14:57.000Z,37.3907,11.5946,African Sunset @ Lake Tana https://t.co/Mu0pmCfBJW,https://t.co/Mu0pmCfBJW
192,Point,8.20E+17,7.18E+17,und,2017-01-14T11:54:04.000Z,37.3884,11.5715,V I p https://t.co/7mtWaqqiDu,https://t.co/7mtWaqqiDu
193,Point,8.16E+17,7.85E+17,en,2017-01-03T14:26:26.000Z,37.3863,11.5974,Can you give me a lift???????????\n??\n??\n??\n??\n#ethiopia #laketana #egziabeher #christianorthodox… https://t.co/gTZNZEX4lz,https://t.co/gTZNZEX4lz
194,Point,8.13E+17,76285962,en,2016-12-26T13:17:21.000Z,37.3903,11.5872,My day. Passing over renaissance bridge #onepicaday #ethiopia @ Blue Nile River https://t.co/IUYKLHIC2T,https://t.co/IUYKLHIC2T
195,Point,8.07E+17,106334685,de,2016-12-08T12:11:01.000Z,37.3833,11.6,???? Äthiopien die Wiege des Kaffees ?? mhhhhh #travel #travelgram #traveling #instatravel #trip… https://t.co/6HBuf3fKsh,https://t.co/6HBuf3fKsh
196,Point,7.87E+17,1481977400,en,2016-10-13T10:47:38.000Z,37.3905,11.5945,C H A S I N G ?? W A T E R F A L L S\nOne of my personal highlights of my recent trip through… https://t.co/4f1yPDumlq,https://t.co/4f1yPDumlq
197,Point,7.79E+17,153477979,en,2016-09-22T15:19:44.000Z,37.3833,11.6,That long walk to reach the blu nile falls.\n\n#vscocam #green #nature @ Bahir Dar https://t.co/EaC8oTQxHn,https://t.co/EaC8oTQxHn
198,Point,7.75E+17,49747143,tr,2016-09-12T20:22:18.000Z,37.3833,11.6,#memories #1972 #ethiopia #tissisatfalls  #verydry #laketana #carcano #91lungo #shifta @ Bahir Dar https://t.co/09A0eiVc8f,https://t.co/09A0eiVc8f
199,Point,7.67E+17,1066626852,en,2016-08-19T16:01:35.000Z,37.3833,11.6,photo of Tigrai rebel i took in 1989 just a couple of days before being evacuated from BarDar at… https://t.co/n8L5utwa0I,https://t.co/n8L5utwa0I
200,Point,7.66E+17,2831976308,en,2016-08-17T12:26:54.000Z,37.3863,11.5974,"wish i was there wednesday. that's a thing, right? giving thanks for the morning spent on… https://t.co/HR5SttfEUn",https://t.co/HR5SttfEUn
201,Point,7.65E+17,40427632,en,2016-08-16T09:47:15.000Z,37.3833,11.6,"Hey Mister, have you got a pen? asked this boy just outside the Azewa Mariam Monastery on one… https://t.co/8vUceNEIKk",https://t.co/8vUceNEIKk
202,Point,7.65E+17,40427632,en,2016-08-16T04:32:11.000Z,37.3863,11.5974,"All of us first-timers in Ethiopia cruising for bruising on the country's largest lake, 84… https://t.co/UqdQwOp1NO",https://t.co/UqdQwOp1NO
203,Point,7.65E+17,40427632,en,2016-08-14T08:53:47.000Z,37.3833,11.6,"A cruise on Lake Tana to visit a monastery. Located on the highlands, the lake is the largest in… https://t.co/HYNJA6r90L",https://t.co/HYNJA6r90L
204,Point,7.65E+17,40427632,en,2016-08-14T04:48:27.000Z,37.3845,11.5985,"View from my cottage at the Kuriftu in Bahar Dar. The inside of my cottage is castle-like,… https://t.co/iQYedVs7PC",https://t.co/iQYedVs7PC
205,Point,7.64E+17,40427632,en,2016-08-13T14:54:53.000Z,37.3905,11.5945,"Up the difficult terrain to this magnificent spot overlooking the Blue Nile Falls in Bahat Dar,… https://t.co/u6FrMriBKQ",https://t.co/u6FrMriBKQ
206,Point,7.64E+17,40427632,en,2016-08-13T12:23:52.000Z,37.3845,11.5985,"Last night's gorgeous spa attendants at Kuriftu Spa in Bahar Dar, a lovely city north of the… https://t.co/i5SIJFo2zV",https://t.co/i5SIJFo2zV
207,Point,7.63E+17,2494363796,es,2016-08-08T10:01:15.000Z,37.3862,11.5974,"El lago Tana está lleno de vida!! Pelícanos, águilas y hasta hipopótamos pudimos ver! / Lake… https://t.co/MQQQRFuQic",https://t.co/MQQQRFuQic
208,Point,7.63E+17,2494363796,es,2016-08-08T09:12:54.000Z,37.3863,11.5974,"Pescador en su barquita de papiro en el #LagoTana, en #BaharDar / ???? Fisherman on his papyrus… https://t.co/52zdTCCvSp",https://t.co/52zdTCCvSp
209,Point,7.60E+17,7.23E+17,en,2016-08-02T15:05:28.000Z,37.3801,11.5915,I don't want to hear anything.  I am relaxing pls https://t.co/c8FDOTymed,https://t.co/c8FDOTymed
210,Point,7.57E+17,622778770,es,2016-07-24T12:55:44.000Z,37.3833,11.6,"Por muchas veces que venga a este País, nunca me deja de sorprender. Cataratas del Nilo Azul… https://t.co/emEKNB1YdC",https://t.co/emEKNB1YdC
211,Point,7.56E+17,2831976308,en,2016-07-20T11:08:47.000Z,37.3903,11.5872,"Hard to tell in this pic, but one of the top right rocks is actually a hippopotamus -- seen… https://t.co/Jw8W6X15I3",https://t.co/Jw8W6X15I3
212,Point,7.54E+17,2831976308,en,2016-07-16T12:50:44.000Z,37.3862,11.5974,A beautiful morning spent on Lake Tana  (Ethiopia's largest lake &amp; the source of the Blue Nile)… https://t.co/OJkyZXZdXe,https://t.co/OJkyZXZdXe
213,Point,7.54E+17,4187724586,en,2016-07-15T02:50:42.000Z,37.3883,11.5924,Harvard Archives - Blog Scholarships for International Students 2015 2016 https://t.co/grMZeZWOxr #scholarships,https://t.co/grMZeZWOxr
214,Point,7.53E+17,4187724586,en,2016-07-11T17:19:23.000Z,37.3869,11.5943,Starting today and on university entrance exam is given in Ethiopia, 
215,Point,7.51E+17,172061670,it,2016-07-06T15:08:18.000Z,37.3862,11.5974,Ci sono molti #monasteri nel lago #tana da cui nasce il #niloazzurro: molti sono solo per… https://t.co/hu4UyauhFy,https://t.co/hu4UyauhFy
216,Point,7.50E+17,208232548,tr,2016-07-05T14:51:15.000Z,37.3833,11.6,K?saca aç?klayay?m. Harika bir bayram geçiriyorum. Bilin do?du?u yer olan mavi nile gittik.… https://t.co/a84sYwJH6k,https://t.co/a84sYwJH6k
217,Point,7.49E+17,4187724586,in,2016-07-02T11:55:24.000Z,37.3869,11.5938,"Thank you Dr Tewodros Adahnom honorable minister coming here at BDU,bahirdar", 
218,Point,7.49E+17,54574607,en,2016-07-01T05:22:06.000Z,37.3863,11.5943,"Going to miss those (really, really good!) $0.35 coffees. (@ Wude Coffee) https://t.co/1A6GB5QN0q https://t.co/j1IXVrRC6d",https://t.co/1A6GB5QN0q
219,Point,7.48E+17,7.42E+17,en,2016-06-28T09:57:19.000Z,37.3638,11.5588,Love one, 
220,Point,7.45E+17,2732602777,und,2016-06-21T09:11:19.000Z,37.3963,11.5987,@fusuguyiku, 
221,Point,7.45E+17,2732602777,und,2016-06-21T09:06:55.000Z,37.3729,11.5967,@fusuguyiku https://t.co/KH3PkOKLNy,https://t.co/KH3PkOKLNy
222,Point,7.44E+17,3135826694,und,2016-06-18T07:29:23.000Z,37.3833,11.6,#injera #ethiopianfood #traditionalfood #instafood #foodporn #food #foodie #vegetarian #Ethiopia… https://t.co/dLxY837MoI,https://t.co/dLxY837MoI
223,Point,7.43E+17,2422454004,in,2016-06-15T14:28:54.000Z,37.3863,11.5974,"flyingblue #flyingview #closeup @ Lake Tana, Bahir Dar ,Ethiophia https://t.co/rUYa4ERkv0",https://t.co/rUYa4ERkv0
224,Point,7.42E+17,315471531,cy,2016-06-12T14:17:36.000Z,37.3833,11.6,Ethiopian smile #ethiopia #portrait @ Bahir Dar https://t.co/GIIytKg8ko,https://t.co/GIIytKg8ko
225,Point,7.42E+17,4187724586,en,2016-06-11T13:25:00.000Z,37.3869,11.5937,This is resort and spa which is made in plane shape https://t.co/7xXbHksYjc,https://t.co/7xXbHksYjc
226,Point,7.42E+17,4187724586,en,2016-06-11T13:21:42.000Z,37.3869,11.5943,@Angelica_Marron  sweet you are, 
227,Point,7.42E+17,4187724586,en,2016-06-11T13:20:44.000Z,37.3869,11.5941,@Angelica_Marron  hello, 
228,Point,7.42E+17,4187724586,en,2016-06-11T13:19:46.000Z,37.3869,11.5937,@nytimes @nytopinion  euro 2016 good luck, 
229,Point,7.41E+17,4187724586,en,2016-06-08T15:25:51.000Z,37.3869,11.5937,@bereketlib we can share large information, 
230,Point,7.41E+17,4187724586,en,2016-06-08T15:25:10.000Z,37.3869,11.5937,@bereketlib  hi welcome to twiter, 
231,Point,7.39E+17,4187724586,en,2016-06-05T15:57:13.000Z,37.3847,11.5951,@TilahunSintaye4  yetneh, 
232,Point,7.39E+17,3021199642,en,2016-06-04T15:40:42.000Z,37.3846,11.588,"How to use social media for social change. Its not just about likes and retweets,", 
233,Point,7.38E+17,4187724586,en,2016-06-02T15:37:37.000Z,37.3869,11.5937,10 Best Universities In Canada That Offer 100% Scholarships – Apply! https://t.co/Gqsb1sZIl1 via @@afscholarships,https://t.co/Gqsb1sZIl1
234,Point,7.38E+17,4187724586,en,2016-06-02T15:36:56.000Z,37.3869,11.5937,100% Scholarships In Best 10 Universities in Germany – Apply https://t.co/87CfmKp9Rm via @@afscholarships,https://t.co/87CfmKp9Rm
235,Point,7.38E+17,4187724586,in,2016-06-02T14:38:30.000Z,37.3869,11.5937,@kassaye_berihun kasish tefah, 
236,Point,7.38E+17,4187724586,in,2016-06-02T14:38:16.000Z,37.3869,11.5939,@binikw Bini tefah, 
237,Point,7.38E+17,4187724586,in,2016-06-02T14:38:03.000Z,37.3869,11.5939,@mengistuniguss1 mengie, 
238,Point,7.38E+17,4187724586,in,2016-06-02T14:37:45.000Z,37.3869,11.5939,@TilahunSintaye4 tilesh tefah, 
239,Point,7.38E+17,2422454004,in,2016-06-02T12:49:53.000Z,37.3863,11.5974,"flyingblue #flyingview #closeup @ Lake Tana, Bahir Dar ,Ethiophia https://t.co/mlyvZEecQg",https://t.co/mlyvZEecQg
240,Point,7.38E+17,3021199642,und,2016-06-02T05:29:09.000Z,37.3703,11.5853,????????????????????????\n                      \n????????????????????????\n????????????????????????, 
241,Point,7.35E+17,4187724586,und,2016-05-23T12:58:07.000Z,37.3869,11.5937,@TilahunSintaye4 hi, 
242,Point,7.35E+17,4187724586,in,2016-05-23T10:05:31.000Z,37.3869,11.5945,@TilahunSintaye4 tilesh tefah, 
243,Point,7.35E+17,4187724586,in,2016-05-23T10:05:09.000Z,37.3869,11.5945,@kassaye_berihun kasish yet new yegebah?, 
244,Point,7.35E+17,4187724586,en,2016-05-23T10:03:20.000Z,37.3869,11.5938,@mengistuniguss1 welcome mengie, 
245,Point,7.31E+17,3135826694,en,2016-05-13T07:22:56.000Z,37.3905,11.5945,Sometimes it's not possible to hitchhike and you need to take a local bus :) \n\n#Ethiopia #amhara… https://t.co/E6hT15UJqy,https://t.co/E6hT15UJqy
246,Point,7.30E+17,615247712,es,2016-05-10T15:14:10.000Z,37.3833,11.6,"Esto es un paquete de Tupperware, son fiambreras para llevar la comida.\nEstán hechas de mimbre y… https://t.co/hqOzzmfusN",https://t.co/hqOzzmfusN
247,Point,7.29E+17,1096089212,tr,2016-05-07T08:29:16.000Z,37.3833,11.6,#BahirDar #BlueNileFalls #TanaLake #LandscapeView #Ethiopia #Utopia @ Bahir Dar https://t.co/I6p755YKeH,https://t.co/I6p755YKeH
248,Point,7.28E+17,403876862,en,2016-05-05T07:12:49.000Z,37.3906,11.5946,Enjoying Everything Bahir Dar has to offer! #LakeTana! @ Lake Tana https://t.co/MCJmex6rlC,https://t.co/MCJmex6rlC
249,Point,7.28E+17,403876862,pl,2016-05-04T09:57:28.000Z,37.3845,11.5986,Just posted a photo @ Kuriftu Resort &amp; Spa https://t.co/MsZbl8a3hC,https://t.co/MsZbl8a3hC
250,Point,7.28E+17,403876862,lv,2016-05-04T09:35:22.000Z,37.3845,11.5986,#relaxationmodeactivated? @ Kuriftu Resort &amp; Spa https://t.co/Th2Rf9G5A3,https://t.co/Th2Rf9G5A3
251,Point,7.28E+17,2923545943,en,2016-05-03T23:24:17.000Z,37.3833,11.6,Seeing an Eritrean friend this morning reminded me of our brief time in Ethiopia this past… https://t.co/w6zrzSY1Kh,https://t.co/w6zrzSY1Kh
252,Point,7.28E+17,2923545943,en,2016-05-03T23:21:56.000Z,37.3833,11.6,Seeing an Eritrean friend this morning reminded me of our brief time in Ethiopia this past… https://t.co/FFX6alGHi1,https://t.co/FFX6alGHi1
253,Point,7.25E+17,35725995,fr,2016-04-26T04:27:31.000Z,37.3845,11.5986,Pourquoi des cartes magnétiques alors qu'une bonne vieille barre en bois suffit pour fermer sa… https://t.co/Oj18Xkz5k2,https://t.co/Oj18Xkz5k2
254,Point,7.24E+17,4187724586,in,2016-04-24T06:31:24.000Z,37.3775,11.5939,@irenegiakoumis @dannywood hello iren HBD, 
255,Point,7.23E+17,482348607,de,2016-04-21T12:55:29.000Z,37.3833,11.6,Lost in Bahrdar.\n\n#places #people #travelphotography #travel #adventures#explore… https://t.co/UxucClR9Y5,https://t.co/UxucClR9Y5
256,Point,7.22E+17,1726541742,cy,2016-04-18T11:09:30.000Z,37.3863,11.5974,"Crawn Crain, colorful bird. https://t.co/eoYBToidHX @ Lake Tana, Bahir Dar ,Ethiophia https://t.co/4a48bBnp3v",https://t.co/eoYBToidHX
257,Point,7.22E+17,376796135,en,2016-04-17T11:26:54.000Z,37.3833,11.6,A coffee farmer forced to paint because the drought has killed his crop? Or an artist who is… https://t.co/BjJvmlF0T3,https://t.co/BjJvmlF0T3
258,Point,7.21E+17,370929809,en,2016-04-16T13:41:20.000Z,37.3699,11.5997,Caught up with old friends @TanaForum 2016 https://t.co/B1aGHkbFPP,https://t.co/B1aGHkbFPP
259,Point,7.21E+17,369133308,en,2016-04-15T21:47:25.000Z,37.3833,11.6,"This photo, taken at the source of the Blue Nile has hidden wildlife! Massive animals, mammals… https://t.co/KRJDGCwgjf",https://t.co/KRJDGCwgjf
260,Point,7.19E+17,482348607,en,2016-04-10T16:39:07.000Z,37.3833,11.6,"The dirt on your school shirt , it's a life lesson .\n\n#portraits #travelphotography… https://t.co/RIwfE0QhcM",https://t.co/RIwfE0QhcM
261,Point,7.17E+17,2288767680,en,2016-04-04T09:54:51.000Z,37.3862,11.5974,"Monday morning. Back to work. A malachite kingfisher doing what he does best, Lake Tana, Bahir… https://t.co/l2pKCNuRld",https://t.co/l2pKCNuRld
262,Point,7.15E+17,297718006,en,2016-03-29T20:51:33.000Z,37.3833,11.6,46 days in the motherland | Foundation | 06.2015 |\n\nVeins of scripture\nolder than stone… https://t.co/6Duf6prshY,https://t.co/6Duf6prshY
263,Point,7.14E+17,2540910169,und,2016-03-28T14:15:02.000Z,37.3859,11.5911,https://t.co/taHKUL7b88,https://t.co/taHKUL7b88
264,Point,7.14E+17,482348607,en,2016-03-27T12:03:25.000Z,37.3833,11.6,"Like nothing I can describe , day light blowing the dark night to smoke .\n\n#landscape… https://t.co/5BFYRcPOHW",https://t.co/5BFYRcPOHW
265,Point,7.14E+17,482348607,en,2016-03-27T11:59:35.000Z,37.3833,11.6,"It was the morning we launched back to Sudan , the beginning of the end to our Ethiopian… https://t.co/C5BL0gB2w8",https://t.co/C5BL0gB2w8
266,Point,7.13E+17,7.02E+17,en,2016-03-25T09:26:26.000Z,37.3833,11.6,"#myfavethioculture @behailus2 ""I love the part of our culture that urges people to look out for… https://t.co/VnQPUIchNe",https://t.co/VnQPUIchNe
267,Point,7.11E+17,482348607,in,2016-03-18T17:10:00.000Z,37.3833,11.6,"Bahrdar , Two random faces.\n\n#streetlife #portraits #streetphotography #Ethiopia… https://t.co/5x4gEKAro3",https://t.co/5x4gEKAro3
268,Point,7.11E+17,2481143292,en,2016-03-18T10:24:38.000Z,37.3973,11.5756,"Dear Jesus.,,thankyou for being my best friend??", 
269,Point,7.10E+17,7.02E+17,en,2016-03-16T11:48:40.000Z,37.3833,11.6,"#myfavethiofood bemdawg ""I like the simplicity of mesir wat."" Bemi's favorite #mesirwat is an… https://t.co/6PisKhQZMO",https://t.co/6PisKhQZMO
270,Point,7.09E+17,4187724586,in,2016-03-12T12:51:40.000Z,37.387,11.5939,@binikw bini, 
271,Point,7.09E+17,4187724586,tl,2016-03-12T12:51:23.000Z,37.387,11.5939,@kassaye_berihun  hi kasish, 
272,Point,7.05E+17,21996673,en,2016-03-03T16:30:48.000Z,37.3809,11.5998,I'm at Jacaranda hotel https://t.co/uboJN7KOg6,https://t.co/uboJN7KOg6
273,Point,7.05E+17,21996673,en,2016-03-03T14:59:31.000Z,37.3698,11.597,"I'm at Yeshemebet's Suq in Bahar Dar, Amhara https://t.co/wbeEOd3mGw",https://t.co/wbeEOd3mGw
274,Point,7.04E+17,7.02E+17,en,2016-02-27T14:46:12.000Z,37.3963,11.5786,Shared Location https://t.co/4vyPjikGOe,https://t.co/4vyPjikGOe
275,Point,7.03E+17,7.02E+17,und,2016-02-25T22:13:16.000Z,37.3978,11.5761,@DrTedros @flyethiopian, 
276,Point,7.03E+17,2481143292,und,2016-02-25T14:20:19.000Z,37.3973,11.5756,https://t.co/q7rf0fClBv,https://t.co/q7rf0fClBv
277,Point,7.01E+17,516343244,en,2016-02-20T16:14:22.000Z,37.3921,11.5947,True your HE https://t.co/0BqIUpAFOS,https://t.co/0BqIUpAFOS
278,Point,7.00E+17,44094276,en,2016-02-17T14:59:27.000Z,37.3833,11.6,Not just any kind of coffee. \n#EthiopianCoffee #Delicious #CoffeeOrigins @tdacycling… https://t.co/AJIJlrs7HT,https://t.co/AJIJlrs7HT
279,Point,7.00E+17,2433745901,en,2016-02-16T15:45:08.000Z,37.3964,11.5733,Visiting #Debir Mariam the oldest monester with ma frnd #Edigetu Bezabih in # Bahir Dar #Ethiopia. https://t.co/z1dwBIuocI,https://t.co/z1dwBIuocI
280,Point,6.99E+17,2600612565,en,2016-02-14T17:23:02.000Z,37.3879,11.5929,Females have sell their life for money., 
281,Point,6.96E+17,615247712,es,2016-02-07T13:03:06.000Z,37.3863,11.5974,Una de las islas del Lago Tana en Etiopía .\n\n#ViajoContigo #Traviajando #Europa #Bruselas… https://t.co/4IdKc28qyK,https://t.co/4IdKc28qyK
282,Point,6.95E+17,277994468,en,2016-02-03T16:01:47.000Z,37.3905,11.5946,"#aussies take note #horsetail #flywhisks just the thing for your hols, here at #bahir dar market… https://t.co/AC5CtUMc4q",https://t.co/AC5CtUMc4q
283,Point,6.94E+17,3021199642,am,2016-01-31T14:46:48.000Z,37.3705,11.5849,???? ???? ????  ???? ??  ?? ??? ???? ??? ?? ???? ??? ?? ???????? ????????, 
284,Point,6.94E+17,3021199642,en,2016-01-31T14:32:11.000Z,37.3704,11.585,Don't let fear and embarrassment undermine your purpose.\n============\nWe don't lack resources but political will &amp; commitment to progress., 
285,Point,6.94E+17,3021199642,am,2016-01-31T14:13:25.000Z,37.3704,11.585,?????? ??? ???? ?? ??? ???? ????? ?????? ???? ?? ??? ??? ??  ???? ??? ?????, 
286,Point,6.93E+17,3021199642,am,2016-01-30T09:05:05.000Z,37.3704,11.5849,??? ????? ????? ???? ?? ?? ???? ????? ????? ???? ??? ????? ????? ???? ?????? ??????? ?????? ???? ???? ???? ???, 
287,Point,6.93E+17,3021199642,am,2016-01-30T09:04:48.000Z,37.3704,11.5849,???? ??? ????? ??? ??? ?? ???? ???? ?????? ?????? ????? ???? ???\n\n ????  ????? ???? ???????? ??? ?????? ?????, 
288,Point,6.93E+17,3021199642,am,2016-01-30T09:04:34.000Z,37.3704,11.5849,??? ?? ????? ??? ??? ???? ????? ????? ???? ??????, 
289,Point,6.93E+17,3021199642,am,2016-01-30T08:02:17.000Z,37.3701,11.585,???? ????? ??? ?? ???\n???? ????? ??? ?? ???\n????? ???? ??? ???? ????????? ?????\n???? ?? ?? ???? ??? ??????? ??? ?? ???, 
290,Point,6.93E+17,3021199642,am,2016-01-29T15:32:27.000Z,37.3703,11.585,???? ??? ????? ??? ????? ??? ????, 
291,Point,6.93E+17,3021199642,am,2016-01-29T15:32:27.000Z,37.3705,11.5852,??? ????? ????? ???? ?? ?? ???? ????? ????? ???? ??? ????? ????? ???? ?????? ??????? ?????? ???? ???? ???? ???, 
292,Point,6.93E+17,3021199642,am,2016-01-29T15:30:18.000Z,37.3704,11.5852,???? ??? ??? MDGs\n?????? ?????/??? ??? ??? ??? GTP, 
293,Point,6.93E+17,3021199642,am,2016-01-29T15:29:31.000Z,37.3704,11.585,???? ????? ??? ?? ???\n???? ????? ??? ?? ???\n????? ???? ??? ???? ????????? ?????\n???? ?? ?? ???? ??? ??????? ??? ?? ???, 
294,Point,6.93E+17,3021199642,am,2016-01-29T15:29:31.000Z,37.3704,11.585,???? ??? ????? ??? ??? ?? ???? ???? ?????? ?????? ????? ???? ???\n\n ????  ????? ???? ???????? ??? ?????? ?????, 
295,Point,6.93E+17,3021199642,am,2016-01-29T15:27:05.000Z,37.3703,11.5851,???? ?????? ??? ?????? ??? ??? ???? ???????? ??? ?????, 
296,Point,6.93E+17,3021199642,am,2016-01-29T15:27:00.000Z,37.3703,11.5851,??? ???? ??? ????? ????? ?????? ??? ????? ??? ??????? ?? ???? ??????, 
297,Point,6.93E+17,3021199642,am,2016-01-29T15:26:38.000Z,37.3703,11.5851,???? ??? ???? ?? ???? ??? ???? ???? ??? ???? ?? ?? ????? ???, 
298,Point,6.93E+17,3021199642,am,2016-01-29T15:26:25.000Z,37.3701,11.585,??? ??????? ??????  ??? ?? ??? ?? ?????, 
299,Point,6.93E+17,3021199642,am,2016-01-29T15:26:05.000Z,37.3701,11.585,???? ??? ??? ??? ???????\n???? ??? ???? ?? ??? ??? ???? ???????\n\n??? ?? ??? ?? ?? ???, 
300,Point,6.93E+17,3021199642,am,2016-01-29T15:25:56.000Z,37.37,11.585,localism (????? ???? ???? ?????) ??? ??????? ?? ??? ???? ?????? ??  ??? ???? ????? ??????? ?? ????? ???? ?? ??? ?????, 
301,Point,6.93E+17,217038862,en,2016-01-29T11:32:35.000Z,37.3863,11.5974,"Incredible to see what difference a year, and the support of a good charity, can make in the… https://t.co/74l5tVlFX4",https://t.co/74l5tVlFX4
302,Point,6.93E+17,4807267821,und,2016-01-28T17:37:16.000Z,37.3968,11.5997,https://t.co/e8Gjka5JaL,https://t.co/e8Gjka5JaL
303,Point,6.92E+17,482348607,en,2016-01-27T07:49:00.000Z,37.3833,11.6,"I'd always fall to same windshield with you, every autumn . \n#lovedones #autumn #windshield… https://t.co/QbX4XgKTY9",https://t.co/QbX4XgKTY9
304,Point,6.92E+17,482348607,en,2016-01-25T18:07:22.000Z,37.3833,11.6,"Hard labour , the women of Ethiopia.\n#travelphotography #streetphotography #places #explore… https://t.co/993Dn33DIZ",https://t.co/993Dn33DIZ
305,Point,6.91E+17,819828505,en,2016-01-24T18:38:54.000Z,37.3833,11.6,"When you're trying to snap a good photo at the livestock market, and… https://t.co/fOsk5tmA12",https://t.co/fOsk5tmA12
306,Point,6.91E+17,819828505,en,2016-01-23T15:35:51.000Z,37.3905,11.5945,Because when you're at the Blue Nile Falls you just have to find a… https://t.co/liA1EAqDcn,https://t.co/liA1EAqDcn
307,Point,6.91E+17,819828505,en,2016-01-23T15:33:58.000Z,37.3905,11.5945,"Waterfall selfie. @ Blue Nile Falls, Ethiopia https://t.co/iFU4yIXl6B",https://t.co/iFU4yIXl6B
308,Point,6.91E+17,4807267821,et,2016-01-22T20:25:49.000Z,37.3968,11.5997,Selame le  Ethiopia https://t.co/iaNwvC3I0i,https://t.co/iaNwvC3I0i
309,Point,6.91E+17,482348607,en,2016-01-22T13:06:42.000Z,37.3833,11.6,I wonder how life's treating you .\n#Ethiopia #people #places #streetphotography… https://t.co/oXcTrL2yiW,https://t.co/oXcTrL2yiW
310,Point,6.90E+17,3021199642,am,2016-01-21T12:50:24.000Z,37.3868,11.5935,????? ????? ??? ????? ?? ???? ??!!!, 
311,Point,6.89E+17,140412229,en,2016-01-17T12:47:13.000Z,37.3863,11.5974,"The countryside on the road to Gondar - Ethiopia @ Lake Tana, Bahir Dar ,Ethiophia https://t.co/2Twzp7RKxj",https://t.co/2Twzp7RKxj
312,Point,6.88E+17,65605300,tr,2016-01-15T21:33:53.000Z,37.3833,11.6,???? #IFoundHer!! ?????? @ Bahir Dar https://t.co/tfNUSrGN82,https://t.co/tfNUSrGN82
313,Point,6.87E+17,4266087520,es,2016-01-11T19:12:58.000Z,37.3259,11.572,congra lio, 
314,Point,6.86E+17,16086913,en,2016-01-09T18:53:14.000Z,37.3812,11.5975,CZ OpenData Forum launches the #OpenDatacz Manifesto -interesting blogpost by @epsiplatform correspondent @kubanster https://t.co/tnyMuxSUrv,https://t.co/tnyMuxSUrv
315,Point,6.84E+17,3311615029,en,2016-01-04T10:54:39.000Z,37.3903,11.5946,On The Shores Of Lake Tana- Bahar Dar.\n\n#laketana #bahirdar #ethiopia #africa #travel… https://t.co/Z4bWzHB6Gh,https://t.co/Z4bWzHB6Gh
316,Point,6.83E+17,3021199642,am,2016-01-02T14:46:50.000Z,37.3701,11.5849,???? ?????? ????? ?? ???? ????? ??????? ????? ????? ???? ???? ??? ??? ???\n???? ?? ??? ??? ????? ??? ????? ??? ???? ?????  ?? ??? ???????, 
317,Point,1.31E+18,245661250,en,2020-09-19T10:31:57.000Z,37.38,11.6041,Just posted a photo @ Tana Lake Monasteries https://t.co/TC7rBNlUHo,https://t.co/TC7rBNlUHo
318,Point,1.25E+18,9.75E+17,en,2020-04-10T21:51:51.000Z,37.3167,11.6833,"A 14th century old painting inside the ancient orthodox monastery AZOUA MARIAM,North part of Ethiopia.\n.\nWeekend is coming.Easter is on the way.Stay cool and stay safe...Respect what should be https://t.co/kKO5JuGHdu fight against… https://t.co/9urSy",https://t.co/kKO5JuGHdu
319,Point,1.21E+18,331802622,en,2019-12-29T20:58:32.000Z,37.3942,11.6038,Truste vanuit #Ethiopie (@ Lake Tana Resort) https://t.co/FTUj01FNyu https://t.co/GhavYPeh84,https://t.co/FTUj01FNyu
320,Point,1.21E+18,331802622,en,2019-12-29T16:25:30.000Z,37.3942,11.6038,I'm at Lake Tana Resort https://t.co/HgMhF8YQ6k,https://t.co/HgMhF8YQ6k
321,Point,1.21E+18,331802622,en,2019-12-28T17:09:39.000Z,37.3942,11.6038,My first #Habesha beer! #Ethiopia #Ethiopie #Proost - Drinking a Cold Gold by Habesha Breweries @ Lake Tana Resort  — https://t.co/2Pi9XriVyS,https://t.co/2Pi9XriVyS
322,Point,1.21E+18,331802622,nl,2019-12-28T16:42:44.000Z,37.3942,11.6038,"Next stop, maar ""resort"" niet echt! #Ethiopie (@ Lake Tana Resort) https://t.co/plsDO0LKvA",https://t.co/plsDO0LKvA
323,Point,1.17E+18,364103804,en,2019-08-31T14:59:05.000Z,37.3782,11.6038,here i'm again! @ Blue Nile Resort Hotels_Avanti https://t.co/oDaQdJQYiv,https://t.co/oDaQdJQYiv
324,Point,1.13E+18,144927584,in,2019-05-11T09:54:08.000Z,37.3771,11.6099,#Ethiopia\nBahir Dar\nLake Tana ?? https://t.co/Mtoqr1yqFv,https://t.co/Mtoqr1yqFv
325,Point,1.09E+18,121075076,en,2019-01-17T10:20:01.000Z,37.3233,11.6028,Buona giornata! | Find me with inReach?https://t.co/IUIDciucDc,https://t.co/IUIDciucDc
326,Point,1.01E+18,8.15E+17,en,2018-06-25T04:42:43.000Z,37.3704,11.6036,The Missing Place &amp; Sky https://t.co/pOzb2C6Cx5,https://t.co/pOzb2C6Cx5
327,Point,9.88E+17,425930645,in,2018-04-22T07:17:24.000Z,37.39,11.6034,Msee msoto analia njaa; sonko ana'complain na obesity! ~ @JulianiKenya, 
328,Point,9.86E+17,1917979400,en,2018-04-16T21:51:00.000Z,37.38,11.6039,ENCHANTING ETHIOPIA 2018 - Northern Historical Circuit #africa #ethiopia #travel… https://t.co/4xMMBjxFXs,https://t.co/4xMMBjxFXs
329,Point,9.83E+17,386206970,cy,2018-04-07T18:24:02.000Z,37.3943,11.6038,Orthodox Ethiopian Easter at our hotel. @ Bahir Dar City - ??? ?? https://t.co/rxeq5rlxAG,https://t.co/rxeq5rlxAG
330,Point,9.79E+17,98682840,es,2018-03-27T15:34:40.000Z,37.38,11.6039,El #Nilo azul nace en las estribaciones de #BaharDar y tiene su primer salto importante muy… https://t.co/PCzC6Pf3ye,https://t.co/PCzC6Pf3ye
331,Point,9.60E+17,4166537476,in,2018-02-04T21:53:26.000Z,37.3717,11.6088,@BirukWonder selam neh?, 
332,Point,9.60E+17,4166537476,ht,2018-02-04T21:49:48.000Z,37.3717,11.6088,Ante lij endew bager aleh. Selam neh aydel. Welayta endet yizohal?, 
333,Point,9.54E+17,150807120,en,2018-01-18T13:36:41.000Z,37.3943,11.6038,"Spending time with these street kids in Bahir Dar, Ethiopia in 2006 was one of the most humbling… https://t.co/5NVSi6TPjU",https://t.co/5NVSi6TPjU
334,Point,9.52E+17,189440713,in,2018-01-13T04:52:50.000Z,37.3943,11.6038,??.....\n?????? @ Bahir Dar City - ??? ?? https://t.co/95kNfSt2BB,https://t.co/95kNfSt2BB
335,Point,9.52E+17,189440713,in,2018-01-12T07:49:33.000Z,37.3943,11.6038,"Bahir Dar city, Ethiopia ????... @ Bahir Dar City - ??? ?? https://t.co/coADfssMXp",https://t.co/coADfssMXp
336,Point,9.50E+17,423646332,pl,2018-01-06T13:35:45.000Z,37.3943,11.6038,U?miechy Afryki.  Prawos?awny mnich z monastyru nad jeziorem Tana. Etiopia w: Bahir Dar City -… https://t.co/hS8bGyoMnG,https://t.co/hS8bGyoMnG
337,Point,9.41E+17,721877617,ca,2017-12-12T14:35:03.000Z,37.3167,11.6833,"Frescos Cristianos (S.XVI) del Monasterio Ortodoxo de URA KIDANE MEHREB, Lago TANA (Amhara-… https://t.co/dzgLJpDCdy",https://t.co/dzgLJpDCdy
338,Point,9.37E+17,9.37E+17,und,2017-12-03T12:36:32.000Z,37.3711,11.6071,https://t.co/goHPjwbJvj,https://t.co/goHPjwbJvj
339,Point,9.37E+17,9.37E+17,und,2017-12-03T12:35:03.000Z,37.3711,11.6071,@webcamsex___ https://t.co/sJvWhtOMCQ,https://t.co/sJvWhtOMCQ
340,Point,9.34E+17,721877617,es,2017-11-23T20:18:59.000Z,37.3167,11.6833,"A la entrada del más bonito de Los Monasterios pintados del LAGO TANA, Ura  Kidane Mehredet… https://t.co/fYnGwpMEeN",https://t.co/fYnGwpMEeN
341,Point,9.29E+17,423026129,en,2017-11-10T06:16:31.000Z,37.3799,11.6039,Celebrating #Suomi #Finland100 in #Bahirdar #Ethiopia.Such a wonderful mix of both my homes for #Education in one place.\nToday we celebrate the Finnish 100 years of independence where we will discuss the future of Finland - Ethiopia relationship by prom,https://t.co/iYEjnBvQGN
342,Point,9.03E+17,112358114,in,2017-08-30T09:58:18.000Z,37.3943,11.6038,#AlazarSamuel &amp; #NahomGetachew ?? @ Bahir Dar City - ??? ?? https://t.co/qlBqstGB93,https://t.co/qlBqstGB93
343,Point,9.02E+17,112358114,in,2017-08-28T06:05:30.000Z,37.3943,11.6038,#MondayMorning #Bahirdar ?? @ Bahir Dar City - ??? ?? https://t.co/LpxVRB0sVT,https://t.co/LpxVRB0sVT
344,Point,8.97E+17,40427632,en,2017-08-13T23:04:51.000Z,37.38,11.6039,"WE ARE AFRICA\n\nUp, up, and away on a mountain to see the Blue Nile Falls in Bahar Dar,… https://t.co/9FVstPLaad",https://t.co/9FVstPLaad
345,Point,8.92E+17,33039476,und,2017-08-01T17:20:09.000Z,37.3414,11.695,#HabeshaWomenAppreciationDay ?? https://t.co/EfzRVVsICK,https://t.co/EfzRVVsICK
346,Point,8.75E+17,7.66E+17,en,2017-06-14T16:09:04.000Z,37.3804,11.6046,Generous serving in Ethiopia @ Blue Nile Resort Hotel PLC https://t.co/PWk4cnwilV,https://t.co/PWk4cnwilV
347,Point,8.60E+17,7.66E+17,fi,2017-05-03T10:36:30.000Z,37.38,11.6039,Ethiopian Style! @ Avanti Blue Nile Hotel-Resort https://t.co/igEGPdm3p6,https://t.co/igEGPdm3p6
348,Point,7.94E+17,49583695,in,2016-11-02T19:34:50.000Z,37.38,11.6039,"#NoCaption #A1000words #EthioTour @ Bahar Dar, Gojam, Ethiopia https://t.co/tGJneHQ0GA",https://t.co/tGJneHQ0GA
349,Point,7.81E+17,2494363796,es,2016-09-29T06:00:57.000Z,37.38,11.6039,"Pescador en el lago #Tana, sobre su barquita de papiro! / Fisherman at Lake Tana, on his little… https://t.co/wnEiiIPzLg",https://t.co/wnEiiIPzLg
350,Point,7.67E+17,1066626852,en,2016-08-19T16:01:23.000Z,37.38,11.6039,i took this picture in 1988 in rural Ethiopia a child from so-called Shankillas #people… https://t.co/DezI5ECl7n,https://t.co/DezI5ECl7n
351,Point,7.66E+17,40427632,en,2016-08-16T15:18:34.000Z,37.38,11.6039,No hell below us \nAbove us only sky\nHere's to great adventures while we're on earth.\n#johnlennon… https://t.co/WDOj1YxFTl,https://t.co/WDOj1YxFTl
352,Point,7.63E+17,2494363796,es,2016-08-09T10:53:43.000Z,37.38,11.6039,Un día después de dejar Etiopía nos llegan noticias tristes...estas semanas han habido… https://t.co/tZV89Ueuxh,https://t.co/tZV89Ueuxh
353,Point,7.61E+17,2494363796,es,2016-08-04T18:11:12.000Z,37.38,11.6039,"Presenciando ahora mismo una tormenta eléctrica sobre #BaharDar , mi primera vez fotografiando… https://t.co/cCykmrUlvW",https://t.co/cCykmrUlvW
354,Point,7.56E+17,860409937,en,2016-07-22T04:48:00.000Z,37.3943,11.6038,"At the first bridge ever built on the blue nile at 1836. Bahir dar,… https://t.co/CnfGWTVfl5",https://t.co/CnfGWTVfl5
355,Point,7.56E+17,2831976308,en,2016-07-21T13:27:28.000Z,37.3838,11.6223,17th century depiction of Jesus &amp; his mama. #JesusAintBlondeHere #thanksbe #viewsfrombahirdar… https://t.co/joy8hxuQ0T,https://t.co/joy8hxuQ0T
356,Point,7.56E+17,860409937,en,2016-07-21T09:05:26.000Z,37.3942,11.6038,Lake tana source of the blue nile ?? (@ Lake Tana Resort) https://t.co/AJNd7MgB29,https://t.co/AJNd7MgB29
357,Point,7.54E+17,2831976308,en,2016-07-16T14:08:05.000Z,37.3838,11.6223,holding curiosity &amp; wonder. for stories &amp; saints. for what was &amp; what will be.… https://t.co/D1JgaUKSuG,https://t.co/D1JgaUKSuG
358,Point,7.54E+17,2831976308,en,2016-07-16T13:00:20.000Z,37.3838,11.6223,"everywhere we look, everyone we meet, every blade of grass -- sings of the Divine.… https://t.co/NA1nQXepyV",https://t.co/NA1nQXepyV
359,Point,7.51E+17,172061670,it,2016-07-07T05:13:50.000Z,37.3703,11.6055,Nel #mercato del paese di sabato si va a cercare il fidanzato o la fidanzata. Ma del resto anche… https://t.co/ylZGzbMZsH,https://t.co/ylZGzbMZsH
360,Point,7.50E+17,172061670,it,2016-07-05T15:39:50.000Z,37.3703,11.6055,"Neanche il tempo di prendere 3 aerei, fare 6 ore di stop a #istanbul, 3 ore di fila per il… https://t.co/W11sEtofVN",https://t.co/W11sEtofVN
361,Point,7.34E+17,48496659,en,2016-05-20T17:45:07.000Z,37.3838,11.6223,"Archangels in Ethiopian iconography look definitely ""disco fever"" Monastery lake Tana #Ethiopia… https://t.co/AbSnslwhRR",https://t.co/AbSnslwhRR
362,Point,7.31E+17,615247712,es,2016-05-12T23:27:13.000Z,37.38,11.6039,"Avivando el fuego, en un lugar de Etiopia de cuyo nombre aún puedo acordarme...\n\n#ViajoContigo… https://t.co/ikbnVNNLi2",https://t.co/ikbnVNNLi2
363,Point,7.21E+17,1910520452,en,2016-04-15T03:54:21.000Z,37.3703,11.6055,"Mmmmm... choices choices... maybe I'll have the corn ""flex"" #nomnomnom  #spelling #travel… https://t.co/vjE5Q6Q9S0",https://t.co/vjE5Q6Q9S0
364,Point,7.00E+17,1476993139,en,2016-02-18T18:26:52.000Z,37.3715,11.6089,Now you are leaving I will miss u ...??????, 
365,Point,6.89E+17,2873621909,und,2016-01-18T08:30:01.000Z,37.3709,11.6088,@rakihailu, 
366,Point,1.13E+18,8.17E+17,en,2019-05-19T19:23:15.000Z,37.37,11.862,"Hippo in Lake Tana, Ethiopia \n\n#travel #travelphotography #travelblogger #ttot #africa #ethiopia #ethiopia???? #laketana #hippo @ Lake Tana Biosphere Reserve https://t.co/dUi1nIYKuZ",https://t.co/dUi1nIYKuZ
367,Point,1.13E+18,8.17E+17,en,2019-05-08T17:29:25.000Z,37.37,11.862,A boat trip across Lake Tana to the Zege Peninsula to see the monasteries.  Read about it… https://t.co/VqnT77WogG,https://t.co/VqnT77WogG
368,Point,9.16E+17,2494363796,es,2017-10-04T19:22:23.000Z,37.37,11.862,"Bajo la lluvia, este niño sale a pescar en su barca de papiro. Viajar es conocer otras… https://t.co/nG3o2hiYZ3",https://t.co/nG3o2hiYZ3
369,Point,8.54E+17,2817910070,in,2017-04-17T04:40:49.000Z,37.3,11.8833,Selamat siang :)… https://t.co/7LcK1BK7CG,https://t.co/7LcK1BK7CG
370,Point,8.42E+17,2817910070,in,2017-03-15T00:28:08.000Z,37.3,11.8833,"Selamat pagi :) \n\nengkau disitu, aku disini, terpisah jarak dan waktu yang entah. aku… https://t.co/hAMOmX77YL",https://t.co/hAMOmX77YL
371,Point,1.25E+18,1726541742,en,2020-04-26T17:21:47.000Z,37.25,12,After several dsys quarantine Was out for long walk today lately in the evening by the lake side...was joy catch the sun goesdawn lately and was nice to spot and capture  beautiful sunset pictures with my… https://t.co/ckj47igxlG,https://t.co/ckj47igxlG
372,Point,1.18E+18,2175389762,in,2019-10-05T11:39:35.000Z,37.2647,12.0358,??\n.\n.\n.\n?? ilhamjvc @ Sungai Nil https://t.co/kB2dSoj7jx,https://t.co/kB2dSoj7jx
373,Point,1.18E+18,1580073986,en,2019-10-03T19:35:27.000Z,37.25,12,Beautiful cloud formation at sunset over Tana Lake! @ Lake Tana https://t.co/4FL2XGCKdX,https://t.co/4FL2XGCKdX
374,Point,1.18E+18,4084211,fi,2019-10-02T11:11:22.000Z,37.25,12,"Ethiopian Orthodox monastic women, Lake Tana, Ethiopia @ Lake Tana https://t.co/4R1CAyf10h",https://t.co/4R1CAyf10h
375,Point,1.16E+18,4084211,en,2019-08-22T03:02:08.000Z,37.25,12,"Hippo family sunning themselves on Lake Tana, the source of the River Nile @ Lake Tana https://t.co/zBeWCaULfQ",https://t.co/zBeWCaULfQ
376,Point,1.15E+18,4084211,en,2019-07-05T13:57:24.000Z,37.25,12,"My ride has arrived on Lake Tana, the source of the Blue Nile in Ethiopia. @ Lake Tana https://t.co/nxrVvSPRls",https://t.co/nxrVvSPRls
377,Point,1.10E+18,89335377,en,2019-02-12T12:23:39.000Z,37.25,12,"Sunrise over incomparable Lake Tana in #Ethiopia, source of the Nile. Give the town of Bahir Dar a miss but make sure to hike to the Blue Niles Falls (the Nile is known… https://t.co/90RC9GmM9x",https://t.co/90RC9GmM9x
378,Point,1.08E+18,33249938,en,2019-01-05T06:43:09.000Z,37.25,12,"Lake Tana is the source of the Blue Nile. 84km long and 66km wide - it’s the largest body of water in Ethiopia. For us, splashing across the waves made a big change from the dust of the… https://t.co/MPaluibwg5",https://t.co/MPaluibwg5
379,Point,1.08E+18,2349141005,en,2018-12-19T17:05:38.000Z,37.25,12,Descending then ascending the monster mile-deep #bluenilegorge #ethiopia #london2capetown #cycletouring #biketouring #adventuretravel #bikeadventure #bikewander #travelbybike… https://t.co/Hbhd68Eq12,https://t.co/Hbhd68Eq12
380,Point,1.06E+18,35259003,en,2018-11-19T17:50:05.000Z,37.25,12,"I crave for knowledge. I envy tolerant, peaceful folks. I am frightened by ignorance. I loathe violence.\ntsegaye gebre medhin @ Lake Tana https://t.co/0ggpRMGicr",https://t.co/0ggpRMGicr
381,Point,1.06E+18,35259003,en,2018-11-12T21:29:17.000Z,37.25,12,a mystic dream @ Lake Tana https://t.co/bt7nuEtCmW,https://t.co/bt7nuEtCmW
382,Point,1.06E+18,35259003,en,2018-11-11T15:15:18.000Z,37.25,12,"?? You gotta be so cold\nTo make it in this world\nYeah, you're a natural\nLiving your life cutthroat\nYou gotta be so cold\nYeah, you're a natural\nWill somebody\nLet me see the light within the… https://t.co/U8PmHpbZfy",https://t.co/U8PmHpbZfy
383,Point,1.06E+18,100861627,en,2018-11-09T02:05:49.000Z,37.25,12,"Lake Tana, Bahir Dar, Ethiopia,  from our trip to Africa\nFacebook page https://t.co/XJvvqpvdB3\nCall us for more info 01002756666 / 01001487328\n#leisuretime #exploring #offroading #jeep… https://t.co/dhUpNjcVbP",https://t.co/XJvvqpvdB3
384,Point,1.06E+18,100861627,en,2018-11-09T02:03:26.000Z,37.25,12,"Lake Tana, Bahir Dar, Ethiopia,  from our trip to Africa\nFacebook page https://t.co/XJvvqpvdB3\nCall us for more info 01002756666 / 01001487328\n#leisuretime #exploring #offroading #jeep… https://t.co/EROPjoiZ6o",https://t.co/XJvvqpvdB3
385,Point,1.06E+18,100861627,en,2018-11-09T01:58:44.000Z,37.25,12,"Lake Tana, Bahir Dar, Ethiopia, from our trip to Africa \nFacebook page https://t.co/XJvvqpvdB3\nCall us for more info 01002756666 / 01001487328\n#leisuretime #exploring #offroading #jeep… https://t.co/TRksjChzUX",https://t.co/XJvvqpvdB3
386,Point,9.63E+17,4853324194,et,2018-02-12T12:45:27.000Z,37.25,12,Ura Kidane Mihiret Monastery on #LakeTana #lake #island #monastery #historicaltour @ Lake Tana https://t.co/brKXAQamgM,https://t.co/brKXAQamgM
387,Point,9.46E+17,1076795672,en,2017-12-26T18:20:08.000Z,37.25,12,"I've been experimenting a little with this baby, Sigma 150-600mm lens ?? The tour has been hectic… https://t.co/ESf8ym05jw",https://t.co/ESf8ym05jw
388,Point,9.43E+17,235306102,en,2017-12-20T05:38:33.000Z,37.25,12,Early morning fishing\n#fisher #tanalake #morning #papyrus #boat #oldman #food #fish #instapic… https://t.co/outdfBZN6C,https://t.co/outdfBZN6C
389,Point,9.43E+17,235306102,es,2017-12-19T14:50:50.000Z,37.25,12,"Terminarás donde necesitas estar, con quien deberías estar y haciendo lo que deberías… https://t.co/g5b1FvCBxY",https://t.co/g5b1FvCBxY
390,Point,9.43E+17,1415992280,es,2017-12-19T11:37:46.000Z,37.25,12,Cascate del #niloazzurro #laketana #ethiopia #africa #afrique https://t.co/WNQkKCwBOO… https://t.co/87LmdMhc47,https://t.co/WNQkKCwBOO
391,Point,8.73E+17,164165839,en,2017-06-08T04:05:26.000Z,37.25,12,LionMan demonstrates his photobombing skills. #travelswithtallboy #myguys?? #Ethiopia @ Lake Tana https://t.co/16hwLo94xV,https://t.co/16hwLo94xV
392,Point,8.73E+17,164165839,en,2017-06-08T04:03:11.000Z,37.25,12,One of the artists on the islands had this board out to show which flowers and other plant… https://t.co/jySpFhoXhU,https://t.co/jySpFhoXhU
393,Point,8.73E+17,164165839,en,2017-06-08T04:00:29.000Z,37.25,12,Walking through the wild coffee groves. ???????? #Ethiopia #travelswithtallboy #coffeelovers @… https://t.co/ul41xOAU8B,https://t.co/ul41xOAU8B
394,Point,8.73E+17,164165839,en,2017-06-08T03:57:59.000Z,37.25,12,Mom and dad and TB visiting the monasteries. #travelswithtallboy #Ethiopia @ Lake Tana https://t.co/1hBnIGTW19,https://t.co/1hBnIGTW19
395,Point,8.73E+17,164165839,en,2017-06-08T03:56:50.000Z,37.25,12,Beautiful lakeshore. #travelswithtallboy #Ethiopia @ Lake Tana https://t.co/QnLk0k0Flw,https://t.co/QnLk0k0Flw
396,Point,8.73E+17,164165839,en,2017-06-07T18:48:04.000Z,37.25,12,Beautiful day on Lake Tana with the family. #travelswithtallboy #Ethiopia #myguys?? @ Lake Tana https://t.co/G0U3FVJX5L,https://t.co/G0U3FVJX5L
397,Point,8.70E+17,153477979,fr,2017-05-31T10:39:29.000Z,37.25,12,"Sur une île, quelque part sur le lac Tana, j'ai rencontré cet homme. Je ne parlais pas sa… https://t.co/vtAkELkYkM",https://t.co/vtAkELkYkM
398,Point,7.66E+17,2831976308,tl,2016-08-17T12:43:08.000Z,37.25,12,bunaaaaaaa. ???????? #coffeegram #viewsfrombahirdar @ Lake Tana https://t.co/WDwNwOouOz,https://t.co/WDwNwOouOz
399,Point,7.29E+17,615247712,es,2016-05-08T09:04:37.000Z,37.25,12,Un tenderete en una remota isla del #lagotana en el medio del #nile los colores y lo… https://t.co/pRlDs1v7c2,https://t.co/pRlDs1v7c2
400,Point,7.22E+17,1910520452,en,2016-04-17T06:57:11.000Z,37.25,12,Chilling out at #lake #Tana with Meg #adventure #motorbike #motorcycle #mototravel #travel… https://t.co/rtO8OC7mXU,https://t.co/rtO8OC7mXU
401,Point,1.15E+18,1.11E+18,und,2019-07-04T19:25:35.000Z,37.2975,12.2395,@HLNTV, 
402,Point,1.15E+18,1.11E+18,en,2019-07-04T19:20:45.000Z,37.2976,12.2394,Facebook, 
403,Point,1.15E+18,1.11E+18,und,2019-07-04T19:12:19.000Z,37.2974,12.2394,, 
404,Point,1.15E+18,1.11E+18,und,2019-07-04T19:08:49.000Z,37.2975,12.2395,@facebook, 
405,Point,1.13E+18,8.17E+17,en,2019-05-06T19:21:04.000Z,37.3008,12.2403,Read my post about little-visited Gorgora in northern Ethiopia:\n\nhttps://t.co/pYcI6KF7LT\n\n#africa #addisababa #ethiopia #ethiopia???? #travelphotography #travelblogger #travel @ Gorgora https://t.co/rpAqG6kovI,https://t.co/pYcI6KF7LT
406,Point,6.87E+17,3003342424,en,2016-01-12T13:54:54.000Z,37.3008,12.2403,#sadly Sofia not well and Internet ropey buuuut..... we are in a beautiful place and hopefully… https://t.co/yDuiWGM7Q6,https://t.co/yDuiWGM7Q6
407,Point,9.09E+17,8.05E+17,en,2017-09-15T16:27:33.000Z,37.5216,12.4129,Let's video chat and text on imo! Get the free app https://t.co/tLIDaxsbTh https://t.co/VwrCUOYYH8,https://t.co/tLIDaxsbTh
408,Point,8.07E+17,1447948944,und,2016-12-10T02:22:57.000Z,37.4138,12.4419,53, 
409,Point,7.09E+17,7.02E+17,in,2016-03-14T01:55:02.000Z,37.5074,12.3443,ad22d16400p9316B, 
410,Point,7.06E+17,7.05E+17,cy,2016-03-06T09:38:56.000Z,37.5539,12.3819,Ma waif$...... https://t.co/n4w5ohWPpd,https://t.co/n4w5ohWPpd
411,Point,7.06E+17,7.05E+17,und,2016-03-06T09:29:40.000Z,37.554,12.3819,https://t.co/jq2rOM9zYk,https://t.co/jq2rOM9zYk
412,Point,7.05E+17,7.05E+17,und,2016-03-01T18:00:55.000Z,37.5539,12.382,@AimeeAshton4 @MakepieceParis hi, 
413,Point,7.01E+17,74760020,en,2016-02-19T15:14:53.000Z,37.552,12.3874,@Tseday @VeiledWorld must visit place!!, 
414,Point,6.98E+17,375741712,en,2016-02-11T16:35:03.000Z,37.55,12.3833,Happy 2 years of Peace Corps service to my site neighbor and bestie.… https://t.co/4AKQIsEXQn,https://t.co/4AKQIsEXQn
415,Point,1.30E+18,201250523,eu,2020-08-18T07:00:25.000Z,37.4147,11.6088,"? #selfie ???? ?? @ Lake Tana, Bahirdar/gonder https://t.co/R2OPUGCGzj",https://t.co/R2OPUGCGzj
416,Point,1.21E+18,28147885,en,2019-12-22T16:09:41.000Z,37.4147,11.6088,"spiritual, quiet, amazing day touring 13th Century Ethiopian Orthodox monasteries on Lake Tana.  Birds, plants, incense burning everywhere, and even hippos.  Calm and perfect day with my… https://t.co/3OofpALtlw",https://t.co/3OofpALtlw
417,Point,1.06E+18,145367151,en,2018-10-31T05:11:27.000Z,37.4147,11.6088,"Thanks @applemusic for including my track ""blue nile"" in the 'New Latitudes' playlist ?? @ The Waterfall of Blue Nile, Bahir Dar, Ethiopia https://t.co/7oyjEIgOpt",https://t.co/7oyjEIgOpt
418,Point,1.04E+18,3414996010,en,2018-08-31T13:02:35.000Z,37.5476,11.767,Cartoon Pic https://t.co/Un5JsnGyLR,https://t.co/Un5JsnGyLR
419,Point,1.03E+18,3414996010,en,2018-08-29T09:45:31.000Z,37.5643,11.7892,"[https://t.co/B4DoCEffKt] is good,have a look at it!",https://t.co/B4DoCEffKt
420,Point,1.03E+18,3414996010,am,2018-08-29T08:55:30.000Z,37.4582,11.629,???? ?? ?????? ???? ?? ???? ?????? ????? ??? ??- ?/?/? ?? ??? ????, 
421,Point,8.40E+17,1032245876,en,2017-03-11T06:06:26.000Z,37.4143,11.6087,iOS Tip: Learn how to add profile pictures to contacts. https://t.co/Xg2cdBOqOK,https://t.co/Xg2cdBOqOK
422,Point,7.50E+17,208232548,et,2016-07-04T21:34:23.000Z,37.4149,11.609,Eid Mubarak anam @ Abay Minch Lodge https://t.co/ZxQKjsxnhp,https://t.co/ZxQKjsxnhp
423,Point,1.33E+18,1.33E+18,en,2020-11-24T05:17:00.000Z,37.5878,11.4905,The Blue Nile Falls is a waterfall on the Blue Nile river in Ethiopia.\nMap: https://t.co/xmvSYRmAfV https://t.co/67A3vaHXPb,https://t.co/67A3vaHXPb
424,Point,1.28E+18,9.75E+17,fr,2020-06-26T02:55:45.000Z,37.5833,11.4833,"Repost: Un petit discours conçernant le #nilbleu dans un #voyage vers le #chute du nil bleu,nord de l #éthiopie \n.\n.\n\nFrom the archeive:A short description regarding the blue nil river and it's sorce of water during… https://t.co/aocs5OeCSh",https://t.co/aocs5OeCSh
425,Point,1.22E+18,2428430017,en,2020-02-04T16:15:15.000Z,37.5873,11.4915,Just a shower during dry season in ???? Ethiopia. @ The Blue Nile Waterfall https://t.co/WgJlRNwzA0,https://t.co/WgJlRNwzA0
426,Point,1.22E+18,2833215686,en,2020-01-31T08:59:37.000Z,37.5098,11.5196,"The Addis, Anena-Cairo, Egypt flight is the Twin Commander Leg!  Flying at 345 mph 30,000 ft in the most capable turboprop ever! | Find me with inReach?https://t.co/v8XbjQ1oUH",https://t.co/v8XbjQ1oUH
427,Point,1.21E+18,356757162,fr,2019-12-30T05:22:06.000Z,37.5833,11.4833,"#ambulance #ethiopia #transportation #instamoment à T'Is Abay, Gojam, Ethiopia https://t.co/i2aLxVrCEO",https://t.co/i2aLxVrCEO
428,Point,1.21E+18,356757162,fr,2019-12-29T18:38:31.000Z,37.5878,11.4905,#bluenilefalls #ethiopia #nature #africa #travelphotography #nile #bluenile #instagood #instagram #instanature #lonelyplanet @lonelyplanet à Blue Nile Falls https://t.co/X4mqyiLPXJ,https://t.co/X4mqyiLPXJ
429,Point,1.21E+18,331802622,en,2019-12-29T14:44:46.000Z,37.588,11.4905,I'm at The Blue Nile Waterfall https://t.co/UtbLY1oVPo,https://t.co/UtbLY1oVPo
430,Point,1.21E+18,260111321,ar,2019-12-22T21:30:42.000Z,37.5878,11.4905,????? ?? ???? ????? ?? ??? ????? ??? ?????? ?? ????? ???? ?????? ?????? ? ????? ???? ?????? ???? ??? ???????. ? ????? ??? ?? ?????? ?????? ???? ?? ????? ???? ??? ????????? ?????? ????? ??????? ?????? ??? ???? ???????… https://t.co/Y4TBVqg9ed,https://t.co/Y4TBVqg9ed
431,Point,1.18E+18,4084211,en,2019-10-15T13:04:34.000Z,37.5878,11.4905,Looking out a car window and daydreaming is a grossly underrated pass time. @ Blue Nile Falls https://t.co/PNAIgYSxAG,https://t.co/PNAIgYSxAG
432,Point,1.17E+18,4084211,en,2019-09-04T15:16:51.000Z,37.5878,11.4905,"Blue Nile Falls, 30km downstream from Lake Tana, the source of the River Nile in northern Ethiopia. I was happy to find this obviously bucket-list-worthy tourist destination was more popular with local teens than… https://t.co/VW8YRaNzvy",https://t.co/VW8YRaNzvy
433,Point,1.14E+18,22435820,en,2019-06-08T17:39:59.000Z,37.5878,11.4905,"“Africa is not just a place for me. It is memories, love, sunshine, and a soft whisper in my heart forever calling me home.” LJ @ Blue Nile Falls https://t.co/hFsNZGXkYj",https://t.co/hFsNZGXkYj
434,Point,1.11E+18,1.11E+18,en,2019-03-31T14:48:01.000Z,37.4036,11.5973,Let's fit ...... https://t.co/KPgNFcCjZM,https://t.co/KPgNFcCjZM
435,Point,1.07E+18,2370143220,en,2018-12-12T21:57:12.000Z,37.588,11.4905,????Visiting of waterfalls in blue Nile. #waterfalls #Bahirdar #Ethiopia @ The Blue Nile Waterfall https://t.co/pQ9y5dZvVB,https://t.co/pQ9y5dZvVB
436,Point,1.04E+18,1397264851,en,2018-09-10T14:36:30.000Z,37.4216,11.5971,I Hate such like toilet stories  on related with agears  trains experiance with old stories of short movies for noise pollution structure, 
437,Point,1.04E+18,288656097,es,2018-09-06T18:02:55.000Z,37.5878,11.4905,"Por fin, las cataratas del Nilo Azul. A unos 30 kilómetros del lago Tana el Nilo se precipita de esta forma. \nSe las conoce como Tis Abay en amárico, que significa «agua humeante». Las… https://t.co/q67ErAmH2I",https://t.co/q67ErAmH2I
438,Point,1.03E+18,40427632,en,2018-08-13T05:54:53.000Z,37.5878,11.4905,"THE BLUE NILE\n\nBack in 2016 and I was up the difficult terrain to this magnificent spot overlooking the Blue Nile Falls in Bahar Dar.\n\nThese kids, Martha and Teshagar, who live in a… https://t.co/asB7fNAVy4",https://t.co/asB7fNAVy4
439,Point,1.02E+18,2559224192,et,2018-08-01T17:37:36.000Z,37.5833,11.4833,"???? ?? ???? @ T'Is Abay, Gojam, Ethiopia https://t.co/EXA5x1nfzr",https://t.co/EXA5x1nfzr
440,Point,1.02E+18,9.82E+17,tr,2018-07-28T14:35:09.000Z,37.4148,11.5979,Bahir Dar, 
441,Point,1.01E+18,296517235,en,2018-06-09T22:46:16.000Z,37.5878,11.4905,kristinastravel is a part of our Road To 100… https://t.co/aKHbC6N8DG,https://t.co/aKHbC6N8DG
442,Point,9.95E+17,599879186,en,2018-05-11T20:48:52.000Z,37.5878,11.4905,Go see the world! \nThis is blue Nile falls old bridge... #bluenile… https://t.co/94soS86aaS,https://t.co/94soS86aaS
443,Point,9.65E+17,24393424,en,2018-02-18T11:06:16.000Z,37.5878,11.4905,Thinking of my friends in Ethiopia! @ Blue Nile Falls https://t.co/BaqtG81ret,https://t.co/BaqtG81ret
444,Point,9.57E+17,121837209,pt,2018-01-27T20:26:28.000Z,37.5878,11.4905,Aquela preguiça d um sábado a tarde em Blue Nile Falls https://t.co/UDFZRK3iju,https://t.co/UDFZRK3iju
445,Point,9.42E+17,721877617,es,2017-12-16T12:56:31.000Z,37.5878,11.4905,"En las Cataratas del Nilo Azul, BAHIR DAR (Amhara - ETIOPÍA / ETHIOPIA) ----- At the Blue Nile… https://t.co/HIr1Ap4l8E",https://t.co/HIr1Ap4l8E
446,Point,9.40E+17,721877617,es,2017-12-11T16:46:26.000Z,37.5878,11.4905,"En las Cataratas del Nilo Azul, con algunos de los niños que guiaron nuestra visita y nos… https://t.co/kIAdS9AjoB",https://t.co/kIAdS9AjoB
447,Point,9.30E+17,47669404,en,2017-11-12T00:14:38.000Z,37.5878,11.4905,"Up close and personal with the breathtaking, awe-inspiring Blue Nile Falls. A must-see… https://t.co/BYYq4o65JY",https://t.co/BYYq4o65JY
448,Point,8.71E+17,3324698349,en,2017-06-04T15:59:48.000Z,37.5878,11.4905,Blue Nile Falls - Ethiopia ???? its a pity that they built a hydroelectric plant that stopped half… https://t.co/gaHSQfU7gO,https://t.co/gaHSQfU7gO
449,Point,8.68E+17,3324698349,en,2017-05-26T19:17:50.000Z,37.5878,11.4905,Blue Nile Falls - Ethiopia ???? what an amazing day hiking in &amp; around the falls. This is the… https://t.co/cqduLJ6JSJ,https://t.co/cqduLJ6JSJ
450,Point,8.65E+17,153477979,fr,2017-05-18T11:04:30.000Z,37.5878,11.4905,"Elle m'a dit qu'elle tenait sa beauté de l'être humain, qu'elle avait été faite à son image. @… https://t.co/8owBUhvzxB",https://t.co/8owBUhvzxB
451,Point,8.64E+17,3590795653,en,2017-05-14T06:00:13.000Z,37.5878,11.4905,"Tis Abay, or Blue Nile Falls #nofilterneeded #ethiopia #laketana @ Blue Nile Falls https://t.co/N6rQYN6Dgk",https://t.co/N6rQYN6Dgk
452,Point,8.59E+17,372704683,es,2017-05-01T18:54:16.000Z,37.5878,11.4905,???? @ Cataratas del Nilo Azul https://t.co/7asOtt1Dp4,https://t.co/7asOtt1Dp4
453,Point,8.55E+17,304283239,en,2017-04-19T05:05:05.000Z,37.5878,11.4905,Manpower | #streetphotography #barbintravel #atglancephoto @ Blue Nile Falls https://t.co/cRudNQviIP,https://t.co/cRudNQviIP
454,Point,8.11E+17,2831976308,en,2016-12-19T21:33:41.000Z,37.5878,11.4905,"Dec. 18: Expectation. We took a taxi, to a plane, to a bus, to a rickshaw, to a van, to a hike… https://t.co/42Nj1TfKEA",https://t.co/42Nj1TfKEA
455,Point,7.77E+17,2494363796,es,2016-09-17T13:29:07.000Z,37.5878,11.4905,En Etiopía disfrutamos del hike hasta las cataratas del Nilo Azul / In Ethiopia we enjoyed the… https://t.co/lwrpXUZXYy,https://t.co/lwrpXUZXYy
456,Point,7.70E+17,3345420437,es,2016-08-30T05:49:53.000Z,37.5878,11.4905,"Cataratas del Nilo azul, Etiopia. Impresionante #etiopia #ethiopia #africa #fall #waterfall… https://t.co/7t2e9acQoc",https://t.co/7t2e9acQoc
457,Point,7.64E+17,40427632,en,2016-08-13T15:14:24.000Z,37.5833,11.4833,"Tomorrow in @mblifestyle, my travel piece ""Africa: So Far Yet So Near (Now)."" There are a… https://t.co/OblpDbAODr",https://t.co/OblpDbAODr
458,Point,7.56E+17,2831976308,en,2016-07-21T13:29:11.000Z,37.5878,11.4905,"Camera-shy cattle at the Blue Nile Falls. ???? ??? They put alpine cows to shame, climbing the… https://t.co/jizXgfwbdE",https://t.co/jizXgfwbdE
459,Point,7.54E+17,2831976308,en,2016-07-15T20:02:54.000Z,37.5878,11.4905,No filter needed for the beauty of the Blue Nile Falls. ???????? #wewentchasingwaterfalls… https://t.co/Qka4Fk9WUi,https://t.co/Qka4Fk9WUi
460,Point,7.28E+17,403876862,in,2016-05-05T13:36:59.000Z,37.5833,11.4833,"?????? @ T'Is Abay, Gojam, Ethiopia https://t.co/2K9npNmGgB",https://t.co/2K9npNmGgB
461,Point,7.28E+17,403876862,in,2016-05-05T11:45:45.000Z,37.5833,11.4833,"#BlueNile! @ T'Is Abay, Gojam, Ethiopia https://t.co/OpIWRhRCpQ",https://t.co/OpIWRhRCpQ
462,Point,7.28E+17,615247712,es,2016-05-05T11:19:26.000Z,37.5878,11.4905,"El puente portugués de camino al Nilo azul, que queda muy bonito decirlo pero no es azul es… https://t.co/GjLkpA2scQ",https://t.co/GjLkpA2scQ
463,Point,7.24E+17,452548790,en,2016-04-22T13:57:01.000Z,37.4167,11.6,It's is a really beautiful place we live in! Happy ?? day! #earthday… https://t.co/vO5IxYPnnl,https://t.co/vO5IxYPnnl
464,Point,6.91E+17,819828505,en,2016-01-24T18:09:08.000Z,37.5878,11.4905,This hanging bridge though... @ Blue Nile Falls https://t.co/fGAzjrWxRZ,https://t.co/fGAzjrWxRZ
465,Point,6.89E+17,482348607,en,2016-01-19T11:25:54.000Z,37.5833,11.4833,What's life ?\n#silhouette #blackandwhite #adventure #Ethiopia #explore #lifestyle #travel… https://t.co/C1wdRApI5q,https://t.co/C1wdRApI5q
466,Point,6.89E+17,557779872,en,2016-01-17T19:11:00.000Z,37.5878,11.4905,"We went from the source of the Nile River over to the beautiful Blue Nile Falls, outside of… https://t.co/q0HT6i1w1w",https://t.co/q0HT6i1w1w
467,Point,1.15E+18,8.33E+17,und,2019-07-22T10:00:45.000Z,37.7012,11.9295,@CMO_England, 
468,Point,9.38E+17,2202066812,en,2017-12-06T14:00:04.000Z,37.7,11.9167,It's 5 o'clock in Werota., 
469,Point,8.58E+17,498013468,en,2017-04-27T15:54:02.000Z,37.7,11.9167,On my visit to kokit a small village in south Gondar .after feeding… https://t.co/jFZKhZ200C,https://t.co/jFZKhZ200C
470,Point,8.17E+17,398410079,und,2017-01-06T07:32:53.000Z,37.686,11.9084,@Cristiano, 
471,Point,7.42E+17,42064755,en,2016-06-13T19:28:04.000Z,37.7,11.9167,I had the pleasure  of sitting in on a PreK-2 classroom in a village in Ethiopia. I look forward… https://t.co/hWHCEXkETX,https://t.co/hWHCEXkETX
472,Point,1.22E+18,4373146037,en,2020-01-20T10:39:07.000Z,37.7833,12.1167,"It's sunny and 75\nIt feels so good to be alive\nCome on baby don't stay inside\nEverybody's coming out tonight (in Adis Zemen, Ethiopia)", 
473,Point,1.18E+18,1580073986,en,2019-10-04T07:02:15.000Z,37.7808,12.1234,"Enroute from Bahir Dar to Gondar, one gets to drive by ""The Devil's Nose', a huge rock formation perched on the hills just North of Addis Zemen town. @ Addis Zemen https://t.co/c9dshhaDRh",https://t.co/c9dshhaDRh
474,Point,7.49E+17,82845444,en,2016-07-01T13:29:52.000Z,37.7833,12.1167,It's a tough life out here... #addiszemen #ethiopia #cycletouring #cyclingaroundtheworld… https://t.co/0DDDd6mwUW,https://t.co/0DDDd6mwUW
