FID,Shape *,id,author_id,lang,created_at,geo__coord,geo__coo_1,text,entities__,RASTERVALU,Land_cover_type
133,Point,1.25E+18,1726541742,en,2020-04-26T17:21:47.000Z,37.25,12,After several dsys quarantine Was out for long walk today lately in the evening by the lake side...was joy catch the sun goesdawn lately and was nice to spot and capture  beautiful sunset pictures with my… https://t.co/ckj47igxlG,https://t.co/ckj47igxlG,10,Open_Water
135,Point,1.18E+18,1580073986,en,2019-10-03T19:35:27.000Z,37.25,12,Beautiful cloud formation at sunset over Tana Lake! @ Lake Tana https://t.co/4FL2XGCKdX,https://t.co/4FL2XGCKdX,10,Open_Water
136,Point,1.18E+18,4084211,fi,2019-10-02T11:11:22.000Z,37.25,12,"Ethiopian Orthodox monastic women, Lake Tana, Ethiopia @ Lake Tana https://t.co/4R1CAyf10h",https://t.co/4R1CAyf10h,10,Open_Water
137,Point,1.16E+18,4084211,en,2019-08-22T03:02:08.000Z,37.25,12,"Hippo family sunning themselves on Lake Tana, the source of the River Nile @ Lake Tana https://t.co/zBeWCaULfQ",https://t.co/zBeWCaULfQ,10,Open_Water
138,Point,1.15E+18,4084211,en,2019-07-05T13:57:24.000Z,37.25,12,"My ride has arrived on Lake Tana, the source of the Blue Nile in Ethiopia. @ Lake Tana https://t.co/nxrVvSPRls",https://t.co/nxrVvSPRls,10,Open_Water
139,Point,1.10E+18,89335377,en,2019-02-12T12:23:39.000Z,37.25,12,"Sunrise over incomparable Lake Tana in #Ethiopia, source of the Nile. Give the town of Bahir Dar a miss but make sure to hike to the Blue Niles Falls (the Nile is known… https://t.co/90RC9GmM9x",https://t.co/90RC9GmM9x,10,Open_Water
140,Point,1.08E+18,33249938,en,2019-01-05T06:43:09.000Z,37.25,12,"Lake Tana is the source of the Blue Nile. 84km long and 66km wide - it’s the largest body of water in Ethiopia. For us, splashing across the waves made a big change from the dust of the… https://t.co/MPaluibwg5",https://t.co/MPaluibwg5,10,Open_Water
141,Point,1.08E+18,2349141005,en,2018-12-19T17:05:38.000Z,37.25,12,Descending then ascending the monster mile-deep #bluenilegorge #ethiopia #london2capetown #cycletouring #biketouring #adventuretravel #bikeadventure #bikewander #travelbybike… https://t.co/Hbhd68Eq12,https://t.co/Hbhd68Eq12,10,Open_Water
142,Point,1.06E+18,35259003,en,2018-11-19T17:50:05.000Z,37.25,12,"I crave for knowledge. I envy tolerant, peaceful folks. I am frightened by ignorance. I loathe violence.\ntsegaye gebre medhin @ Lake Tana https://t.co/0ggpRMGicr",https://t.co/0ggpRMGicr,10,Open_Water
143,Point,1.06E+18,35259003,en,2018-11-12T21:29:17.000Z,37.25,12,a mystic dream @ Lake Tana https://t.co/bt7nuEtCmW,https://t.co/bt7nuEtCmW,10,Open_Water
144,Point,1.06E+18,35259003,en,2018-11-11T15:15:18.000Z,37.25,12,"?? You gotta be so cold\nTo make it in this world\nYeah, you're a natural\nLiving your life cutthroat\nYou gotta be so cold\nYeah, you're a natural\nWill somebody\nLet me see the light within the… https://t.co/U8PmHpbZfy",https://t.co/U8PmHpbZfy,10,Open_Water
145,Point,1.06E+18,100861627,en,2018-11-09T02:05:49.000Z,37.25,12,"Lake Tana, Bahir Dar, Ethiopia,  from our trip to Africa\nFacebook page https://t.co/XJvvqpvdB3\nCall us for more info 01002756666 / 01001487328\n#leisuretime #exploring #offroading #jeep… https://t.co/dhUpNjcVbP",https://t.co/XJvvqpvdB3,10,Open_Water
148,Point,9.63E+17,4853324194,et,2018-02-12T12:45:27.000Z,37.25,12,Ura Kidane Mihiret Monastery on #LakeTana #lake #island #monastery #historicaltour @ Lake Tana https://t.co/brKXAQamgM,https://t.co/brKXAQamgM,10,Open_Water
149,Point,9.46E+17,1076795672,en,2017-12-26T18:20:08.000Z,37.25,12,"I've been experimenting a little with this baby, Sigma 150-600mm lens ?? The tour has been hectic… https://t.co/ESf8ym05jw",https://t.co/ESf8ym05jw,10,Open_Water
150,Point,9.43E+17,235306102,en,2017-12-20T05:38:33.000Z,37.25,12,Early morning fishing\n#fisher #tanalake #morning #papyrus #boat #oldman #food #fish #instapic… https://t.co/outdfBZN6C,https://t.co/outdfBZN6C,10,Open_Water
151,Point,9.43E+17,235306102,es,2017-12-19T14:50:50.000Z,37.25,12,"Terminarás donde necesitas estar, con quien deberías estar y haciendo lo que deberías… https://t.co/g5b1FvCBxY",https://t.co/g5b1FvCBxY,10,Open_Water
152,Point,9.43E+17,1415992280,es,2017-12-19T11:37:46.000Z,37.25,12,Cascate del #niloazzurro #laketana #ethiopia #africa #afrique https://t.co/WNQkKCwBOO… https://t.co/87LmdMhc47,https://t.co/WNQkKCwBOO,10,Open_Water
153,Point,8.73E+17,164165839,en,2017-06-08T04:05:26.000Z,37.25,12,LionMan demonstrates his photobombing skills. #travelswithtallboy #myguys?? #Ethiopia @ Lake Tana https://t.co/16hwLo94xV,https://t.co/16hwLo94xV,10,Open_Water
154,Point,8.73E+17,164165839,en,2017-06-08T04:03:11.000Z,37.25,12,One of the artists on the islands had this board out to show which flowers and other plant… https://t.co/jySpFhoXhU,https://t.co/jySpFhoXhU,10,Open_Water
155,Point,8.73E+17,164165839,en,2017-06-08T04:00:29.000Z,37.25,12,Walking through the wild coffee groves. ???????? #Ethiopia #travelswithtallboy #coffeelovers @… https://t.co/ul41xOAU8B,https://t.co/ul41xOAU8B,10,Open_Water
156,Point,8.73E+17,164165839,en,2017-06-08T03:57:59.000Z,37.25,12,Mom and dad and TB visiting the monasteries. #travelswithtallboy #Ethiopia @ Lake Tana https://t.co/1hBnIGTW19,https://t.co/1hBnIGTW19,10,Open_Water
157,Point,8.73E+17,164165839,en,2017-06-08T03:56:50.000Z,37.25,12,Beautiful lakeshore. #travelswithtallboy #Ethiopia @ Lake Tana https://t.co/QnLk0k0Flw,https://t.co/QnLk0k0Flw,10,Open_Water
158,Point,8.73E+17,164165839,en,2017-06-07T18:48:04.000Z,37.25,12,Beautiful day on Lake Tana with the family. #travelswithtallboy #Ethiopia #myguys?? @ Lake Tana https://t.co/G0U3FVJX5L,https://t.co/G0U3FVJX5L,10,Open_Water
159,Point,8.70E+17,153477979,fr,2017-05-31T10:39:29.000Z,37.25,12,"Sur une île, quelque part sur le lac Tana, j'ai rencontré cet homme. Je ne parlais pas sa… https://t.co/vtAkELkYkM",https://t.co/vtAkELkYkM,10,Open_Water
160,Point,7.66E+17,2831976308,tl,2016-08-17T12:43:08.000Z,37.25,12,bunaaaaaaa. ???????? #coffeegram #viewsfrombahirdar @ Lake Tana https://t.co/WDwNwOouOz,https://t.co/WDwNwOouOz,10,Open_Water
161,Point,7.29E+17,615247712,es,2016-05-08T09:04:37.000Z,37.25,12,Un tenderete en una remota isla del #lagotana en el medio del #nile los colores y lo… https://t.co/pRlDs1v7c2,https://t.co/pRlDs1v7c2,10,Open_Water
162,Point,7.22E+17,1910520452,en,2016-04-17T06:57:11.000Z,37.25,12,Chilling out at #lake #Tana with Meg #adventure #motorbike #motorcycle #mototravel #travel… https://t.co/rtO8OC7mXU,https://t.co/rtO8OC7mXU,10,Open_Water
134,Point,1.18E+18,2175389762,in,2019-10-05T11:39:35.000Z,37.2647,12.0358,??\n.\n.\n.\n?? ilhamjvc @ Sungai Nil https://t.co/kB2dSoj7jx,https://t.co/kB2dSoj7jx,10,Open_Water
131,Point,8.54E+17,2817910070,in,2017-04-17T04:40:49.000Z,37.3,11.8833,Selamat siang :)… https://t.co/7LcK1BK7CG,https://t.co/7LcK1BK7CG,10,Open_Water
132,Point,8.42E+17,2817910070,in,2017-03-15T00:28:08.000Z,37.3,11.8833,"Selamat pagi :) \n\nengkau disitu, aku disini, terpisah jarak dan waktu yang entah. aku… https://t.co/hAMOmX77YL",https://t.co/hAMOmX77YL,10,Open_Water
163,Point,1.13E+18,8.17E+17,en,2019-05-06T19:21:04.000Z,37.3008,12.2403,Read my post about little-visited Gorgora in northern Ethiopia:\n\nhttps://t.co/pYcI6KF7LT\n\n#africa #addisababa #ethiopia #ethiopia???? #travelphotography #travelblogger #travel @ Gorgora https://t.co/rpAqG6kovI,https://t.co/pYcI6KF7LT,4,Cropland
164,Point,6.87E+17,3003342424,en,2016-01-12T13:54:54.000Z,37.3008,12.2403,#sadly Sofia not well and Internet ropey buuuut..... we are in a beautiful place and hopefully… https://t.co/yDuiWGM7Q6,https://t.co/yDuiWGM7Q6,4,Cropland
103,Point,1.25E+18,9.75E+17,en,2020-04-10T21:51:51.000Z,37.3167,11.6833,"A 14th century old painting inside the ancient orthodox monastery AZOUA MARIAM,North part of Ethiopia.\n.\nWeekend is coming.Easter is on the way.Stay cool and stay safe...Respect what should be https://t.co/kKO5JuGHdu fight against… https://t.co/9urSy",https://t.co/kKO5JuGHdu,4,Cropland
116,Point,9.41E+17,721877617,ca,2017-12-12T14:35:03.000Z,37.3167,11.6833,"Frescos Cristianos (S.XVI) del Monasterio Ortodoxo de URA KIDANE MEHREB, Lago TANA (Amhara-… https://t.co/dzgLJpDCdy",https://t.co/dzgLJpDCdy,4,Cropland
117,Point,9.34E+17,721877617,es,2017-11-23T20:18:59.000Z,37.3167,11.6833,"A la entrada del más bonito de Los Monasterios pintados del LAGO TANA, Ura  Kidane Mehredet… https://t.co/fYnGwpMEeN",https://t.co/fYnGwpMEeN,4,Cropland
102,Point,6.87E+17,4266087520,es,2016-01-11T19:12:58.000Z,37.3259,11.572,congra lio, ,4,Cropland
46,Point,8.58E+17,4287850702,und,2017-04-27T17:37:07.000Z,37.3269,11.5726,https://t.co/NoiPhpjiKO,https://t.co/NoiPhpjiKO,3,Grassland
50,Point,8.23E+17,4187724586,und,2017-01-21T13:32:32.000Z,37.3302,11.5714,Yes, ,3,Grassland
120,Point,8.92E+17,33039476,und,2017-08-01T17:20:09.000Z,37.3414,11.695,#HabeshaWomenAppreciationDay ?? https://t.co/EfzRVVsICK,https://t.co/EfzRVVsICK,1,Tree_Cover
69,Point,7.48E+17,7.42E+17,en,2016-06-28T09:57:19.000Z,37.3638,11.5588,Love one, ,4,Cropland
18,Point,1.01E+18,7.14E+17,en,2018-06-09T05:44:24.000Z,37.3697,11.5853,"“Do not come into agreement with fear. Activate your faith, live in victory, speak over your life and expect great things to come your way.” Germany Kent\n\nHappy Saturday to you all!", ,4,Cropland
128,Point,1.13E+18,8.17E+17,en,2019-05-19T19:23:15.000Z,37.37,11.862,"Hippo in Lake Tana, Ethiopia \n\n#travel #travelphotography #travelblogger #ttot #africa #ethiopia #ethiopia???? #laketana #hippo @ Lake Tana Biosphere Reserve https://t.co/dUi1nIYKuZ",https://t.co/dUi1nIYKuZ,10,Open_Water
129,Point,1.13E+18,8.17E+17,en,2019-05-08T17:29:25.000Z,37.37,11.862,A boat trip across Lake Tana to the Zege Peninsula to see the monasteries.  Read about it… https://t.co/VqnT77WogG,https://t.co/VqnT77WogG,10,Open_Water
130,Point,9.16E+17,2494363796,es,2017-10-04T19:22:23.000Z,37.37,11.862,"Bajo la lluvia, este niño sale a pescar en su barca de papiro. Viajar es conocer otras… https://t.co/nG3o2hiYZ3",https://t.co/nG3o2hiYZ3,10,Open_Water
7,Point,1.11E+18,1.11E+18,en,2019-03-20T17:10:42.000Z,37.3705,11.5919,Amazing fans From Bahir dar international stadium https://t.co/EhlhgJj1gM,https://t.co/EhlhgJj1gM,4,Cropland
127,Point,7.00E+17,1476993139,en,2016-02-18T18:26:52.000Z,37.3715,11.6089,Now you are leaving I will miss u ...??????, ,1,Tree_Cover
109,Point,1.13E+18,144927584,in,2019-05-11T09:54:08.000Z,37.3771,11.6099,#Ethiopia\nBahir Dar\nLake Tana ?? https://t.co/Mtoqr1yqFv,https://t.co/Mtoqr1yqFv,1,Tree_Cover
108,Point,1.17E+18,364103804,en,2019-08-31T14:59:05.000Z,37.3782,11.6038,here i'm again! @ Blue Nile Resort Hotels_Avanti https://t.co/oDaQdJQYiv,https://t.co/oDaQdJQYiv,3,Grassland
19,Point,9.88E+17,601037258,in,2018-04-21T17:10:58.000Z,37.3789,11.592,"Tuk Tuks everywhere. Bahirdar, Ethiopia. @ Bahir Dar https://t.co/YXiplD05HI",https://t.co/YXiplD05HI,1,Tree_Cover
20,Point,9.88E+17,601037258,cy,2018-04-21T17:01:54.000Z,37.3789,11.592,"14th century monastery, Barhidar, Ethiopia @ Bahir Dar https://t.co/qmdiAEWhq3",https://t.co/qmdiAEWhq3,1,Tree_Cover
21,Point,9.88E+17,601037258,en,2018-04-21T17:00:19.000Z,37.3789,11.592,"Take your goats to market day in Bahirdar, Ethiopia @ Bahir Dar https://t.co/yO2tZbCqmX",https://t.co/yO2tZbCqmX,1,Tree_Cover
22,Point,9.85E+17,413219870,en,2018-04-14T23:34:54.000Z,37.3789,11.592,Just posted a photo @ Bahir Dar https://t.co/evDGv1lrZR,https://t.co/evDGv1lrZR,1,Tree_Cover
23,Point,9.83E+17,386206970,en,2018-04-07T10:25:44.000Z,37.3789,11.592,Lake Tana by the Blue Nile. @ Bahir Dar https://t.co/BP2uBcxZkE,https://t.co/BP2uBcxZkE,1,Tree_Cover
25,Point,9.64E+17,246371000,en,2018-02-14T20:46:29.000Z,37.3789,11.592,"Pt4. Fisherman on lake tana, bahir dar. Synchronized rowing in tandem. #visitethiopia\n#imagicus… https://t.co/qsbcsezYSD",https://t.co/qsbcsezYSD,1,Tree_Cover
26,Point,9.64E+17,246371000,en,2018-02-14T18:06:20.000Z,37.3789,11.592,"Pt3. Fisherman on lake tana, bahir dar. The rising sun brings with it a new tide, new waves, new… https://t.co/EJpMI3uRxR",https://t.co/EJpMI3uRxR,1,Tree_Cover
27,Point,9.63E+17,246371000,en,2018-02-13T18:55:47.000Z,37.3789,11.592,"Pt2. Fisherman on lake tana, bahir dar. Their mornings start before sunrise. Clad in shorts,… https://t.co/wVSdJMPSzQ",https://t.co/wVSdJMPSzQ,1,Tree_Cover
28,Point,9.62E+17,246371000,en,2018-02-10T11:27:58.000Z,37.3789,11.592,"Pt1. Fisherman on lake tana, bahir dar. Those little boats last them all but three days, after… https://t.co/Lq3FNF28u3",https://t.co/Lq3FNF28u3,1,Tree_Cover
29,Point,9.61E+17,74518333,en,2018-02-07T18:55:45.000Z,37.3789,11.592,"Exhibits at the “Amhara regional people’s martyrs memorial monument” in Bahir Dar, #Amhara,… https://t.co/TRgOp3TgZ2",https://t.co/TRgOp3TgZ2,1,Tree_Cover
30,Point,9.53E+17,331133488,en,2018-01-16T16:56:31.000Z,37.3789,11.592,"Walking though the green coffee vendors in Bahir Dar, Ethiopia.\n-\n??Jon Nicholson @ Bahir Dar https://t.co/eFr3mCKddc",https://t.co/eFr3mCKddc,1,Tree_Cover
1,Point,1.22E+18,4084211,en,2020-01-14T14:08:52.000Z,37.3833,11.6,"Patiently Waiting On Gondar Road #ethiopia #gondar #bahirdar #amhara #hornofafrica #africa #wolo #gojam @ Bahar Dar Ghiorghis, Gojam, Ethiopia https://t.co/8YTam7C1LP",https://t.co/8YTam7C1LP,4,Cropland
2,Point,1.22E+18,4084211,en,2020-01-14T13:58:52.000Z,37.3833,11.6,"Smiling shopkeeper on Gondar Road #ethiopia #gondar #hornofafrica #bahirdar #africa #amhara @ Bahar Dar Ghiorghis, Gojam, Ethiopia https://t.co/fOEiWD2v2t",https://t.co/fOEiWD2v2t,4,Cropland
5,Point,1.11E+18,2354633134,in,2019-03-27T16:56:25.000Z,37.3833,11.6,"At Blue Nile Falls ""Tis Abay"" @ Bahr Dar, Gojam, Ethiopia https://t.co/RA69d5QaXE",https://t.co/RA69d5QaXE,4,Cropland
6,Point,1.11E+18,7.25E+17,no,2019-03-20T18:05:52.000Z,37.3833,11.6,"Har nettopp publisert et bilde @ Bahrdar Giyorgis, Gojam, Ethiopia https://t.co/9ZzhWxprNi",https://t.co/9ZzhWxprNi,4,Cropland
8,Point,1.10E+18,127149816,es,2019-03-04T01:35:08.000Z,37.3833,11.6,"Hombre ortodoxo quitándole la cáscara a una papa cocinada. \nLa experiencia en esta comunidad se parecía a vivir en un pesebre, el calor que se generaba era dado por la… https://t.co/zDTn3w1yJg",https://t.co/zDTn3w1yJg,4,Cropland
11,Point,1.03E+18,42064755,da,2018-08-24T08:34:04.000Z,37.3833,11.6,"Eneniem nafekhegne, yene fikir, yene konjo, yene mar, yene habesha hunk. ?? The sun shines down on us. #fbf #bahirdar #ethiopia #africa #HomeIsWhereTheHeartIs #habesha #HabeshaAtHeart… https://t.co/UcIpUFBF3n",https://t.co/UcIpUFBF3n,4,Cropland
12,Point,1.03E+18,748786046,in,2018-08-19T05:34:33.000Z,37.3833,11.6,#mango trees in #Bahirdar #ethiopia #amhararegion @ Bahir Dar - ??? ?? https://t.co/UhQQMOGiHy,https://t.co/UhQQMOGiHy,4,Cropland
13,Point,1.02E+18,47760934,en,2018-08-01T13:47:03.000Z,37.3833,11.6,"Found this while skimming through old pictures, lightning over lake Tana in Bahir Dar, Ethiopia. #ethiopia #laketana #lake #tana #bahirdar @ Bahr Dar, Gojam, Ethiopia https://t.co/El1QM95WTm",https://t.co/El1QM95WTm,4,Cropland
14,Point,1.02E+18,130417779,ko,2018-07-31T21:00:17.000Z,37.3833,11.6,?????? bahir Dar - ??? ?? https://t.co/cOl8TFzhml,https://t.co/cOl8TFzhml,4,Cropland
15,Point,1.02E+18,748786046,ar,2018-07-13T14:48:55.000Z,37.3833,11.6,#bahirdar #amhra #Ethiopia #Ethiopian #?????? ??????? ??????? ??? ???? ?? ????? #??????? @ Bahir Dar - ??? ?? https://t.co/TjjkfDTt3Z,https://t.co/TjjkfDTt3Z,4,Cropland
16,Point,1.02E+18,42064755,en,2018-07-09T23:13:27.000Z,37.3833,11.6,"When in Bahir Dar, Ethiopia, take a boat ride on Lake Tana! Hear the histories. Go to the local lake village to patronize the villagers. See the old Orthodox Church and bless the monks.… https://t.co/SpObutByde",https://t.co/SpObutByde,4,Cropland
17,Point,1.01E+18,756625975,en,2018-07-01T19:55:23.000Z,37.3833,11.6,WHAT A SEAN!! #LOVE THE #sean #ethiopia #fikeryashenefal #onelove #addisababa #bahirdar #arifstyle #summer #nyc # @ Bahir Dar Stadium https://t.co/LTWiMpBWTO,https://t.co/LTWiMpBWTO,4,Cropland
24,Point,9.82E+17,386206970,in,2018-04-06T09:30:35.000Z,37.3833,11.6,"Bahr Dar, Gojam, Ethiopia. @ Bahr Dar, Gojam, Ethiopia https://t.co/J80pIfo4mL",https://t.co/J80pIfo4mL,4,Cropland
31,Point,9.48E+17,25962452,en,2017-12-31T17:52:11.000Z,37.3833,11.6,2017... You have been kind.. You have been cruel.. You have been weird.. But you let Me prosper… https://t.co/bkY1RShJZr,https://t.co/bkY1RShJZr,4,Cropland
32,Point,9.47E+17,25962452,en,2017-12-30T20:07:42.000Z,37.3833,11.6,En route to Bahir Dar. Goodbye 2017! Day 9/30  #BahirDar #addis #TembeaMkenya #tembeakenya… https://t.co/eOVtUlgcx8,https://t.co/eOVtUlgcx8,4,Cropland
33,Point,9.44E+17,235306102,es,2017-12-20T18:26:51.000Z,37.3833,11.6,Retrato de la vida campesina etíope: demasiado esfuerzo para lo poco que se llevan \n#retrato… https://t.co/ZpMTib2FUK,https://t.co/ZpMTib2FUK,4,Cropland
34,Point,9.43E+17,235306102,es,2017-12-20T07:50:04.000Z,37.3833,11.6,El café imprescindible \n#cafe #coffeetime #Ethiopia #bahirdar #travels2017 #instapose #postureo… https://t.co/WnZKIJoLwX,https://t.co/WnZKIJoLwX,4,Cropland
35,Point,9.43E+17,235306102,ro,2017-12-20T05:49:09.000Z,37.3833,11.6,"Ura Kidanemihret Monastery, Zeghe Peninsula \n#monastery #Ethiopia #travels2017 #instatravel… https://t.co/eDvlHtr34d",https://t.co/eDvlHtr34d,4,Cropland
36,Point,9.43E+17,235306102,es,2017-12-18T08:21:59.000Z,37.3833,11.6,Las cascadas del Nilo Azul(que de azul sólo tienen el nombre)\n#nofilter #waterfall #bluenile… https://t.co/UteVQFDLWW,https://t.co/UteVQFDLWW,4,Cropland
37,Point,9.23E+17,1654678651,fr,2017-10-24T10:33:03.000Z,37.3833,11.6,La fascinante #Ethiopie représenterait en fait le berceau de la #cafeiculture : la plante… https://t.co/2EfL8Qt9ND,https://t.co/2EfL8Qt9ND,4,Cropland
38,Point,9.20E+17,32836463,en,2017-10-17T19:19:26.000Z,37.3833,11.6,"Greetings from Addis Ababa on this 7th day of February 2010. Yep, you heard me right. It's… https://t.co/kaautMOUxu",https://t.co/kaautMOUxu,4,Cropland
40,Point,9.03E+17,116392126,en,2017-09-01T03:54:51.000Z,37.3833,11.6,"In #baherdar I am accompanied by this insightful book titled ""the quest for change"" by Demessie… https://t.co/jOfdNRcHZ7",https://t.co/jOfdNRcHZ7,4,Cropland
41,Point,9.03E+17,116392126,en,2017-08-30T16:50:42.000Z,37.3833,11.6,I enjoyed the majestic Lake Tana in the beautiful and rainy #baherdar @ Bahir Dar https://t.co/1cntJ1bi9U,https://t.co/1cntJ1bi9U,4,Cropland
43,Point,8.78E+17,171060014,en,2017-06-22T09:48:53.000Z,37.3833,11.6,Running a project management workshop as part of the #yorkshirewater #wateraid capacity building… https://t.co/YmcfhMzxv2,https://t.co/YmcfhMzxv2,4,Cropland
47,Point,8.55E+17,168984454,en,2017-04-21T11:55:20.000Z,37.3833,11.6,Just posted a video @ Bahir Dar City - ??? ?? https://t.co/OtftVwXJeo,https://t.co/OtftVwXJeo,4,Cropland
49,Point,8.39E+17,1940217950,en,2017-03-08T07:31:50.000Z,37.3833,11.6,Feeling blessed @ Bahir Dar https://t.co/GPPNl4LlfU,https://t.co/GPPNl4LlfU,4,Cropland
55,Point,8.07E+17,106334685,de,2016-12-08T12:11:01.000Z,37.3833,11.6,???? Äthiopien die Wiege des Kaffees ?? mhhhhh #travel #travelgram #traveling #instatravel #trip… https://t.co/6HBuf3fKsh,https://t.co/6HBuf3fKsh,4,Cropland
56,Point,7.79E+17,153477979,en,2016-09-22T15:19:44.000Z,37.3833,11.6,That long walk to reach the blu nile falls.\n\n#vscocam #green #nature @ Bahir Dar https://t.co/EaC8oTQxHn,https://t.co/EaC8oTQxHn,4,Cropland
57,Point,7.75E+17,49747143,tr,2016-09-12T20:22:18.000Z,37.3833,11.6,#memories #1972 #ethiopia #tissisatfalls  #verydry #laketana #carcano #91lungo #shifta @ Bahir Dar https://t.co/09A0eiVc8f,https://t.co/09A0eiVc8f,4,Cropland
58,Point,7.67E+17,1066626852,en,2016-08-19T16:01:35.000Z,37.3833,11.6,photo of Tigrai rebel i took in 1989 just a couple of days before being evacuated from BarDar at… https://t.co/n8L5utwa0I,https://t.co/n8L5utwa0I,4,Cropland
60,Point,7.65E+17,40427632,en,2016-08-16T09:47:15.000Z,37.3833,11.6,"Hey Mister, have you got a pen? asked this boy just outside the Azewa Mariam Monastery on one… https://t.co/8vUceNEIKk",https://t.co/8vUceNEIKk,4,Cropland
62,Point,7.65E+17,40427632,en,2016-08-14T08:53:47.000Z,37.3833,11.6,"A cruise on Lake Tana to visit a monastery. Located on the highlands, the lake is the largest in… https://t.co/HYNJA6r90L",https://t.co/HYNJA6r90L,4,Cropland
65,Point,7.57E+17,622778770,es,2016-07-24T12:55:44.000Z,37.3833,11.6,"Por muchas veces que venga a este País, nunca me deja de sorprender. Cataratas del Nilo Azul… https://t.co/emEKNB1YdC",https://t.co/emEKNB1YdC,4,Cropland
68,Point,7.50E+17,208232548,tr,2016-07-05T14:51:15.000Z,37.3833,11.6,K?saca aç?klayay?m. Harika bir bayram geçiriyorum. Bilin do?du?u yer olan mavi nile gittik.… https://t.co/a84sYwJH6k,https://t.co/a84sYwJH6k,4,Cropland
71,Point,7.44E+17,3135826694,und,2016-06-18T07:29:23.000Z,37.3833,11.6,#injera #ethiopianfood #traditionalfood #instafood #foodporn #food #foodie #vegetarian #Ethiopia… https://t.co/dLxY837MoI,https://t.co/dLxY837MoI,4,Cropland
73,Point,7.42E+17,315471531,cy,2016-06-12T14:17:36.000Z,37.3833,11.6,Ethiopian smile #ethiopia #portrait @ Bahir Dar https://t.co/GIIytKg8ko,https://t.co/GIIytKg8ko,4,Cropland
75,Point,7.30E+17,615247712,es,2016-05-10T15:14:10.000Z,37.3833,11.6,"Esto es un paquete de Tupperware, son fiambreras para llevar la comida.\nEstán hechas de mimbre y… https://t.co/hqOzzmfusN",https://t.co/hqOzzmfusN,4,Cropland
76,Point,7.29E+17,1096089212,tr,2016-05-07T08:29:16.000Z,37.3833,11.6,#BahirDar #BlueNileFalls #TanaLake #LandscapeView #Ethiopia #Utopia @ Bahir Dar https://t.co/I6p755YKeH,https://t.co/I6p755YKeH,4,Cropland
77,Point,7.28E+17,2923545943,en,2016-05-03T23:24:17.000Z,37.3833,11.6,Seeing an Eritrean friend this morning reminded me of our brief time in Ethiopia this past… https://t.co/w6zrzSY1Kh,https://t.co/w6zrzSY1Kh,4,Cropland
78,Point,7.28E+17,2923545943,en,2016-05-03T23:21:56.000Z,37.3833,11.6,Seeing an Eritrean friend this morning reminded me of our brief time in Ethiopia this past… https://t.co/FFX6alGHi1,https://t.co/FFX6alGHi1,4,Cropland
79,Point,7.23E+17,482348607,de,2016-04-21T12:55:29.000Z,37.3833,11.6,Lost in Bahrdar.\n\n#places #people #travelphotography #travel #adventures#explore… https://t.co/UxucClR9Y5,https://t.co/UxucClR9Y5,4,Cropland
81,Point,7.22E+17,376796135,en,2016-04-17T11:26:54.000Z,37.3833,11.6,A coffee farmer forced to paint because the drought has killed his crop? Or an artist who is… https://t.co/BjJvmlF0T3,https://t.co/BjJvmlF0T3,4,Cropland
82,Point,7.21E+17,369133308,en,2016-04-15T21:47:25.000Z,37.3833,11.6,"This photo, taken at the source of the Blue Nile has hidden wildlife! Massive animals, mammals… https://t.co/KRJDGCwgjf",https://t.co/KRJDGCwgjf,4,Cropland
83,Point,7.19E+17,482348607,en,2016-04-10T16:39:07.000Z,37.3833,11.6,"The dirt on your school shirt , it's a life lesson .\n\n#portraits #travelphotography… https://t.co/RIwfE0QhcM",https://t.co/RIwfE0QhcM,4,Cropland
85,Point,7.15E+17,297718006,en,2016-03-29T20:51:33.000Z,37.3833,11.6,46 days in the motherland | Foundation | 06.2015 |\n\nVeins of scripture\nolder than stone… https://t.co/6Duf6prshY,https://t.co/6Duf6prshY,4,Cropland
86,Point,7.14E+17,482348607,en,2016-03-27T12:03:25.000Z,37.3833,11.6,"Like nothing I can describe , day light blowing the dark night to smoke .\n\n#landscape… https://t.co/5BFYRcPOHW",https://t.co/5BFYRcPOHW,4,Cropland
87,Point,7.14E+17,482348607,en,2016-03-27T11:59:35.000Z,37.3833,11.6,"It was the morning we launched back to Sudan , the beginning of the end to our Ethiopian… https://t.co/C5BL0gB2w8",https://t.co/C5BL0gB2w8,4,Cropland
88,Point,7.13E+17,7.02E+17,en,2016-03-25T09:26:26.000Z,37.3833,11.6,"#myfavethioculture @behailus2 ""I love the part of our culture that urges people to look out for… https://t.co/VnQPUIchNe",https://t.co/VnQPUIchNe,4,Cropland
89,Point,7.11E+17,482348607,in,2016-03-18T17:10:00.000Z,37.3833,11.6,"Bahrdar , Two random faces.\n\n#streetlife #portraits #streetphotography #Ethiopia… https://t.co/5x4gEKAro3",https://t.co/5x4gEKAro3,4,Cropland
91,Point,7.10E+17,7.02E+17,en,2016-03-16T11:48:40.000Z,37.3833,11.6,"#myfavethiofood bemdawg ""I like the simplicity of mesir wat."" Bemi's favorite #mesirwat is an… https://t.co/6PisKhQZMO",https://t.co/6PisKhQZMO,4,Cropland
93,Point,7.00E+17,44094276,en,2016-02-17T14:59:27.000Z,37.3833,11.6,Not just any kind of coffee. \n#EthiopianCoffee #Delicious #CoffeeOrigins @tdacycling… https://t.co/AJIJlrs7HT,https://t.co/AJIJlrs7HT,4,Cropland
96,Point,6.92E+17,482348607,en,2016-01-27T07:49:00.000Z,37.3833,11.6,"I'd always fall to same windshield with you, every autumn . \n#lovedones #autumn #windshield… https://t.co/QbX4XgKTY9",https://t.co/QbX4XgKTY9,4,Cropland
97,Point,6.92E+17,482348607,en,2016-01-25T18:07:22.000Z,37.3833,11.6,"Hard labour , the women of Ethiopia.\n#travelphotography #streetphotography #places #explore… https://t.co/993Dn33DIZ",https://t.co/993Dn33DIZ,4,Cropland
98,Point,6.91E+17,819828505,en,2016-01-24T18:38:54.000Z,37.3833,11.6,"When you're trying to snap a good photo at the livestock market, and… https://t.co/fOsk5tmA12",https://t.co/fOsk5tmA12,4,Cropland
99,Point,6.91E+17,482348607,en,2016-01-22T13:06:42.000Z,37.3833,11.6,I wonder how life's treating you .\n#Ethiopia #people #places #streetphotography… https://t.co/oXcTrL2yiW,https://t.co/oXcTrL2yiW,4,Cropland
101,Point,6.88E+17,65605300,tr,2016-01-15T21:33:53.000Z,37.3833,11.6,???? #IFoundHer!! ?????? @ Bahir Dar https://t.co/tfNUSrGN82,https://t.co/tfNUSrGN82,4,Cropland
122,Point,7.56E+17,2831976308,en,2016-07-21T13:27:28.000Z,37.3838,11.6223,17th century depiction of Jesus &amp; his mama. #JesusAintBlondeHere #thanksbe #viewsfrombahirdar… https://t.co/joy8hxuQ0T,https://t.co/joy8hxuQ0T,10,Open_Water
124,Point,7.54E+17,2831976308,en,2016-07-16T14:08:05.000Z,37.3838,11.6223,holding curiosity &amp; wonder. for stories &amp; saints. for what was &amp; what will be.… https://t.co/D1JgaUKSuG,https://t.co/D1JgaUKSuG,10,Open_Water
125,Point,7.54E+17,2831976308,en,2016-07-16T13:00:20.000Z,37.3838,11.6223,"everywhere we look, everyone we meet, every blade of grass -- sings of the Divine.… https://t.co/NA1nQXepyV",https://t.co/NA1nQXepyV,10,Open_Water
126,Point,7.34E+17,48496659,en,2016-05-20T17:45:07.000Z,37.3838,11.6223,"Archangels in Ethiopian iconography look definitely ""disco fever"" Monastery lake Tana #Ethiopia… https://t.co/AbSnslwhRR",https://t.co/AbSnslwhRR,10,Open_Water
3,Point,1.21E+18,331802622,in,2019-12-29T10:43:39.000Z,37.3861,11.5976,"Lunch at #LakeTana (@ Lake Tana in Bahir Dar, Amhara) https://t.co/E9Pm78kYRd",https://t.co/E9Pm78kYRd,4,Cropland
63,Point,7.63E+17,2494363796,es,2016-08-08T10:01:15.000Z,37.3862,11.5974,"El lago Tana está lleno de vida!! Pelícanos, águilas y hasta hipopótamos pudimos ver! / Lake… https://t.co/MQQQRFuQic",https://t.co/MQQQRFuQic,4,Cropland
66,Point,7.54E+17,2831976308,en,2016-07-16T12:50:44.000Z,37.3862,11.5974,A beautiful morning spent on Lake Tana  (Ethiopia's largest lake &amp; the source of the Blue Nile)… https://t.co/OJkyZXZdXe,https://t.co/OJkyZXZdXe,4,Cropland
67,Point,7.51E+17,172061670,it,2016-07-06T15:08:18.000Z,37.3862,11.5974,Ci sono molti #monasteri nel lago #tana da cui nasce il #niloazzurro: molti sono solo per… https://t.co/hu4UyauhFy,https://t.co/hu4UyauhFy,4,Cropland
84,Point,7.17E+17,2288767680,en,2016-04-04T09:54:51.000Z,37.3862,11.5974,"Monday morning. Back to work. A malachite kingfisher doing what he does best, Lake Tana, Bahir… https://t.co/l2pKCNuRld",https://t.co/l2pKCNuRld,4,Cropland
51,Point,8.23E+17,892067444,cy,2017-01-21T05:16:45.000Z,37.3863,11.5974,"#africansayings @ Lake Tana, Bahir Dar ,Ethiophia https://t.co/CuvQmtv17R",https://t.co/CuvQmtv17R,4,Cropland
52,Point,8.21E+17,48134946,en,2017-01-15T09:52:58.000Z,37.3863,11.5974,"Kayaking with a tankwa and some pelicanus around @ Lake Tana, Bahir… https://t.co/6DS8vhaXon",https://t.co/6DS8vhaXon,4,Cropland
54,Point,8.16E+17,7.85E+17,en,2017-01-03T14:26:26.000Z,37.3863,11.5974,Can you give me a lift???????????\n??\n??\n??\n??\n#ethiopia #laketana #egziabeher #christianorthodox… https://t.co/gTZNZEX4lz,https://t.co/gTZNZEX4lz,4,Cropland
59,Point,7.66E+17,2831976308,en,2016-08-17T12:26:54.000Z,37.3863,11.5974,"wish i was there wednesday. that's a thing, right? giving thanks for the morning spent on… https://t.co/HR5SttfEUn",https://t.co/HR5SttfEUn,4,Cropland
61,Point,7.65E+17,40427632,en,2016-08-16T04:32:11.000Z,37.3863,11.5974,"All of us first-timers in Ethiopia cruising for bruising on the country's largest lake, 84… https://t.co/UqdQwOp1NO",https://t.co/UqdQwOp1NO,4,Cropland
64,Point,7.63E+17,2494363796,es,2016-08-08T09:12:54.000Z,37.3863,11.5974,"Pescador en su barquita de papiro en el #LagoTana, en #BaharDar / ???? Fisherman on his papyrus… https://t.co/52zdTCCvSp",https://t.co/52zdTCCvSp,4,Cropland
72,Point,7.43E+17,2422454004,in,2016-06-15T14:28:54.000Z,37.3863,11.5974,"flyingblue #flyingview #closeup @ Lake Tana, Bahir Dar ,Ethiophia https://t.co/rUYa4ERkv0",https://t.co/rUYa4ERkv0,4,Cropland
74,Point,7.38E+17,2422454004,in,2016-06-02T12:49:53.000Z,37.3863,11.5974,"flyingblue #flyingview #closeup @ Lake Tana, Bahir Dar ,Ethiophia https://t.co/mlyvZEecQg",https://t.co/mlyvZEecQg,4,Cropland
80,Point,7.22E+17,1726541742,cy,2016-04-18T11:09:30.000Z,37.3863,11.5974,"Crawn Crain, colorful bird. https://t.co/eoYBToidHX @ Lake Tana, Bahir Dar ,Ethiophia https://t.co/4a48bBnp3v",https://t.co/eoYBToidHX,4,Cropland
94,Point,6.96E+17,615247712,es,2016-02-07T13:03:06.000Z,37.3863,11.5974,Una de las islas del Lago Tana en Etiopía .\n\n#ViajoContigo #Traviajando #Europa #Bruselas… https://t.co/4IdKc28qyK,https://t.co/4IdKc28qyK,4,Cropland
95,Point,6.93E+17,217038862,en,2016-01-29T11:32:35.000Z,37.3863,11.5974,"Incredible to see what difference a year, and the support of a good charity, can make in the… https://t.co/74l5tVlFX4",https://t.co/74l5tVlFX4,4,Cropland
100,Point,6.89E+17,140412229,en,2016-01-17T12:47:13.000Z,37.3863,11.5974,"The countryside on the road to Gondar - Ethiopia @ Lake Tana, Bahir Dar ,Ethiophia https://t.co/2Twzp7RKxj",https://t.co/2Twzp7RKxj,4,Cropland
53,Point,8.20E+17,7.18E+17,und,2017-01-14T11:54:04.000Z,37.3884,11.5715,V I p https://t.co/7mtWaqqiDu,https://t.co/7mtWaqqiDu,4,Cropland
42,Point,8.97E+17,1490021100,und,2017-08-15T06:39:48.000Z,37.3886,11.5972,?? https://t.co/kQfr4gX2M6,https://t.co/kQfr4gX2M6,10,Open_Water
110,Point,9.88E+17,425930645,in,2018-04-22T07:17:24.000Z,37.39,11.6034,Msee msoto analia njaa; sonko ana'complain na obesity! ~ @JulianiKenya, ,10,Open_Water
104,Point,1.21E+18,331802622,en,2019-12-29T20:58:32.000Z,37.3942,11.6038,Truste vanuit #Ethiopie (@ Lake Tana Resort) https://t.co/FTUj01FNyu https://t.co/GhavYPeh84,https://t.co/FTUj01FNyu,10,Open_Water
105,Point,1.21E+18,331802622,en,2019-12-29T16:25:30.000Z,37.3942,11.6038,I'm at Lake Tana Resort https://t.co/HgMhF8YQ6k,https://t.co/HgMhF8YQ6k,10,Open_Water
106,Point,1.21E+18,331802622,en,2019-12-28T17:09:39.000Z,37.3942,11.6038,My first #Habesha beer! #Ethiopia #Ethiopie #Proost - Drinking a Cold Gold by Habesha Breweries @ Lake Tana Resort  — https://t.co/2Pi9XriVyS,https://t.co/2Pi9XriVyS,10,Open_Water
107,Point,1.21E+18,331802622,nl,2019-12-28T16:42:44.000Z,37.3942,11.6038,"Next stop, maar ""resort"" niet echt! #Ethiopie (@ Lake Tana Resort) https://t.co/plsDO0LKvA",https://t.co/plsDO0LKvA,10,Open_Water
123,Point,7.56E+17,860409937,en,2016-07-21T09:05:26.000Z,37.3942,11.6038,Lake tana source of the blue nile ?? (@ Lake Tana Resort) https://t.co/AJNd7MgB29,https://t.co/AJNd7MgB29,10,Open_Water
39,Point,9.10E+17,8.98E+17,en,2017-09-18T18:37:17.000Z,37.3943,11.5742,It's been a while. https://t.co/oUyZK3mu6X,https://t.co/oUyZK3mu6X,4,Cropland
115,Point,9.50E+17,423646332,pl,2018-01-06T13:35:45.000Z,37.3943,11.6038,U?miechy Afryki.  Prawos?awny mnich z monastyru nad jeziorem Tana. Etiopia w: Bahir Dar City -… https://t.co/hS8bGyoMnG,https://t.co/hS8bGyoMnG,10,Open_Water
121,Point,7.56E+17,860409937,en,2016-07-22T04:48:00.000Z,37.3943,11.6038,"At the first bridge ever built on the blue nile at 1836. Bahir dar,… https://t.co/CnfGWTVfl5",https://t.co/CnfGWTVfl5,10,Open_Water
4,Point,1.14E+18,230475930,es,2019-06-19T06:34:14.000Z,37.3958,11.5972,Resumen de un día increible de FORMACION y TRATAMIENTO en #bahirdar #bahirdaruniversity #etiopia #runnersforethiopia2019\n#quenotelocuentenvivelo en Bahir Dar University https://t.co/cbntT7WfRl,https://t.co/cbntT7WfRl,4,Cropland
9,Point,1.09E+18,2370143220,hi,2019-01-29T21:39:41.000Z,37.3958,11.5972,Nolashada u nashaadee noocaaga @ Bahir Dar University https://t.co/oF2R51My2N,https://t.co/oF2R51My2N,4,Cropland
70,Point,7.45E+17,2732602777,und,2016-06-21T09:11:19.000Z,37.3963,11.5987,@fusuguyiku, ,4,Cropland
166,Point,8.07E+17,1447948944,und,2016-12-10T02:22:57.000Z,37.4138,12.4419,53, ,4,Cropland
191,Point,1.02E+18,9.82E+17,tr,2018-07-28T14:35:09.000Z,37.4148,11.5979,Bahir Dar, ,4,Cropland
174,Point,7.50E+17,208232548,et,2016-07-04T21:34:23.000Z,37.4149,11.609,Eid Mubarak anam @ Abay Minch Lodge https://t.co/ZxQKjsxnhp,https://t.co/ZxQKjsxnhp,4,Cropland
172,Point,1.03E+18,3414996010,am,2018-08-29T08:55:30.000Z,37.4582,11.629,???? ?? ?????? ???? ?? ???? ?????? ????? ??? ??- ?/?/? ?? ??? ????, ,4,Cropland
167,Point,7.09E+17,7.02E+17,in,2016-03-14T01:55:02.000Z,37.5074,12.3443,ad22d16400p9316B, ,4,Cropland
169,Point,6.98E+17,375741712,en,2016-02-11T16:35:03.000Z,37.55,12.3833,Happy 2 years of Peace Corps service to my site neighbor and bestie.… https://t.co/4AKQIsEXQn,https://t.co/4AKQIsEXQn,4,Cropland
168,Point,7.01E+17,74760020,en,2016-02-19T15:14:53.000Z,37.552,12.3874,@Tseday @VeiledWorld must visit place!!, ,4,Cropland
171,Point,1.03E+18,3414996010,en,2018-08-29T09:45:31.000Z,37.5643,11.7892,"[https://t.co/B4DoCEffKt] is good,have a look at it!",https://t.co/B4DoCEffKt,4,Cropland
176,Point,1.28E+18,9.75E+17,fr,2020-06-26T02:55:45.000Z,37.5833,11.4833,"Repost: Un petit discours conçernant le #nilbleu dans un #voyage vers le #chute du nil bleu,nord de l #éthiopie \n.\n.\n\nFrom the archeive:A short description regarding the blue nil river and it's sorce of water during… https://t.co/aocs5OeCSh",https://t.co/aocs5OeCSh,4,Cropland
179,Point,1.21E+18,356757162,fr,2019-12-30T05:22:06.000Z,37.5833,11.4833,"#ambulance #ethiopia #transportation #instamoment à T'Is Abay, Gojam, Ethiopia https://t.co/i2aLxVrCEO",https://t.co/i2aLxVrCEO,4,Cropland
190,Point,1.02E+18,2559224192,et,2018-08-01T17:37:36.000Z,37.5833,11.4833,"???? ?? ???? @ T'Is Abay, Gojam, Ethiopia https://t.co/EXA5x1nfzr",https://t.co/EXA5x1nfzr,4,Cropland
208,Point,7.64E+17,40427632,en,2016-08-13T15:14:24.000Z,37.5833,11.4833,"Tomorrow in @mblifestyle, my travel piece ""Africa: So Far Yet So Near (Now)."" There are a… https://t.co/OblpDbAODr",https://t.co/OblpDbAODr,4,Cropland
211,Point,7.28E+17,403876862,in,2016-05-05T13:36:59.000Z,37.5833,11.4833,"?????? @ T'Is Abay, Gojam, Ethiopia https://t.co/2K9npNmGgB",https://t.co/2K9npNmGgB,4,Cropland
212,Point,7.28E+17,403876862,in,2016-05-05T11:45:45.000Z,37.5833,11.4833,"#BlueNile! @ T'Is Abay, Gojam, Ethiopia https://t.co/OpIWRhRCpQ",https://t.co/OpIWRhRCpQ,4,Cropland
215,Point,6.89E+17,482348607,en,2016-01-19T11:25:54.000Z,37.5833,11.4833,What's life ?\n#silhouette #blackandwhite #adventure #Ethiopia #explore #lifestyle #travel… https://t.co/C1wdRApI5q,https://t.co/C1wdRApI5q,4,Cropland
177,Point,1.22E+18,2428430017,en,2020-02-04T16:15:15.000Z,37.5873,11.4915,Just a shower during dry season in ???? Ethiopia. @ The Blue Nile Waterfall https://t.co/WgJlRNwzA0,https://t.co/WgJlRNwzA0,4,Cropland
175,Point,1.33E+18,1.33E+18,en,2020-11-24T05:17:00.000Z,37.5878,11.4905,The Blue Nile Falls is a waterfall on the Blue Nile river in Ethiopia.\nMap: https://t.co/xmvSYRmAfV https://t.co/67A3vaHXPb,https://t.co/67A3vaHXPb,3,Grassland
180,Point,1.21E+18,356757162,fr,2019-12-29T18:38:31.000Z,37.5878,11.4905,#bluenilefalls #ethiopia #nature #africa #travelphotography #nile #bluenile #instagood #instagram #instanature #lonelyplanet @lonelyplanet à Blue Nile Falls https://t.co/X4mqyiLPXJ,https://t.co/X4mqyiLPXJ,3,Grassland
182,Point,1.21E+18,260111321,ar,2019-12-22T21:30:42.000Z,37.5878,11.4905,????? ?? ???? ????? ?? ??? ????? ??? ?????? ?? ????? ???? ?????? ?????? ? ????? ???? ?????? ???? ??? ???????. ? ????? ??? ?? ?????? ?????? ???? ?? ????? ???? ??? ????????? ?????? ????? ??????? ?????? ??? ???? ???????… https://t.co/Y4TBVqg9ed,https://t.co/Y4TBVqg9ed,3,Grassland
183,Point,1.18E+18,4084211,en,2019-10-15T13:04:34.000Z,37.5878,11.4905,Looking out a car window and daydreaming is a grossly underrated pass time. @ Blue Nile Falls https://t.co/PNAIgYSxAG,https://t.co/PNAIgYSxAG,3,Grassland
184,Point,1.17E+18,4084211,en,2019-09-04T15:16:51.000Z,37.5878,11.4905,"Blue Nile Falls, 30km downstream from Lake Tana, the source of the River Nile in northern Ethiopia. I was happy to find this obviously bucket-list-worthy tourist destination was more popular with local teens than… https://t.co/VW8YRaNzvy",https://t.co/VW8YRaNzvy,3,Grassland
185,Point,1.14E+18,22435820,en,2019-06-08T17:39:59.000Z,37.5878,11.4905,"“Africa is not just a place for me. It is memories, love, sunshine, and a soft whisper in my heart forever calling me home.” LJ @ Blue Nile Falls https://t.co/hFsNZGXkYj",https://t.co/hFsNZGXkYj,3,Grassland
188,Point,1.04E+18,288656097,es,2018-09-06T18:02:55.000Z,37.5878,11.4905,"Por fin, las cataratas del Nilo Azul. A unos 30 kilómetros del lago Tana el Nilo se precipita de esta forma. \nSe las conoce como Tis Abay en amárico, que significa «agua humeante». Las… https://t.co/q67ErAmH2I",https://t.co/q67ErAmH2I,3,Grassland
189,Point,1.03E+18,40427632,en,2018-08-13T05:54:53.000Z,37.5878,11.4905,"THE BLUE NILE\n\nBack in 2016 and I was up the difficult terrain to this magnificent spot overlooking the Blue Nile Falls in Bahar Dar.\n\nThese kids, Martha and Teshagar, who live in a… https://t.co/asB7fNAVy4",https://t.co/asB7fNAVy4,3,Grassland
192,Point,1.01E+18,296517235,en,2018-06-09T22:46:16.000Z,37.5878,11.4905,kristinastravel is a part of our Road To 100… https://t.co/aKHbC6N8DG,https://t.co/aKHbC6N8DG,3,Grassland
193,Point,9.95E+17,599879186,en,2018-05-11T20:48:52.000Z,37.5878,11.4905,Go see the world! \nThis is blue Nile falls old bridge... #bluenile… https://t.co/94soS86aaS,https://t.co/94soS86aaS,3,Grassland
194,Point,9.65E+17,24393424,en,2018-02-18T11:06:16.000Z,37.5878,11.4905,Thinking of my friends in Ethiopia! @ Blue Nile Falls https://t.co/BaqtG81ret,https://t.co/BaqtG81ret,3,Grassland
195,Point,9.57E+17,121837209,pt,2018-01-27T20:26:28.000Z,37.5878,11.4905,Aquela preguiça d um sábado a tarde em Blue Nile Falls https://t.co/UDFZRK3iju,https://t.co/UDFZRK3iju,3,Grassland
196,Point,9.42E+17,721877617,es,2017-12-16T12:56:31.000Z,37.5878,11.4905,"En las Cataratas del Nilo Azul, BAHIR DAR (Amhara - ETIOPÍA / ETHIOPIA) ----- At the Blue Nile… https://t.co/HIr1Ap4l8E",https://t.co/HIr1Ap4l8E,3,Grassland
197,Point,9.40E+17,721877617,es,2017-12-11T16:46:26.000Z,37.5878,11.4905,"En las Cataratas del Nilo Azul, con algunos de los niños que guiaron nuestra visita y nos… https://t.co/kIAdS9AjoB",https://t.co/kIAdS9AjoB,3,Grassland
198,Point,9.30E+17,47669404,en,2017-11-12T00:14:38.000Z,37.5878,11.4905,"Up close and personal with the breathtaking, awe-inspiring Blue Nile Falls. A must-see… https://t.co/BYYq4o65JY",https://t.co/BYYq4o65JY,3,Grassland
199,Point,8.71E+17,3324698349,en,2017-06-04T15:59:48.000Z,37.5878,11.4905,Blue Nile Falls - Ethiopia ???? its a pity that they built a hydroelectric plant that stopped half… https://t.co/gaHSQfU7gO,https://t.co/gaHSQfU7gO,3,Grassland
200,Point,8.68E+17,3324698349,en,2017-05-26T19:17:50.000Z,37.5878,11.4905,Blue Nile Falls - Ethiopia ???? what an amazing day hiking in &amp; around the falls. This is the… https://t.co/cqduLJ6JSJ,https://t.co/cqduLJ6JSJ,3,Grassland
201,Point,8.65E+17,153477979,fr,2017-05-18T11:04:30.000Z,37.5878,11.4905,"Elle m'a dit qu'elle tenait sa beauté de l'être humain, qu'elle avait été faite à son image. @… https://t.co/8owBUhvzxB",https://t.co/8owBUhvzxB,3,Grassland
202,Point,8.64E+17,3590795653,en,2017-05-14T06:00:13.000Z,37.5878,11.4905,"Tis Abay, or Blue Nile Falls #nofilterneeded #ethiopia #laketana @ Blue Nile Falls https://t.co/N6rQYN6Dgk",https://t.co/N6rQYN6Dgk,3,Grassland
203,Point,8.59E+17,372704683,es,2017-05-01T18:54:16.000Z,37.5878,11.4905,???? @ Cataratas del Nilo Azul https://t.co/7asOtt1Dp4,https://t.co/7asOtt1Dp4,3,Grassland
204,Point,8.55E+17,304283239,en,2017-04-19T05:05:05.000Z,37.5878,11.4905,Manpower | #streetphotography #barbintravel #atglancephoto @ Blue Nile Falls https://t.co/cRudNQviIP,https://t.co/cRudNQviIP,3,Grassland
205,Point,8.11E+17,2831976308,en,2016-12-19T21:33:41.000Z,37.5878,11.4905,"Dec. 18: Expectation. We took a taxi, to a plane, to a bus, to a rickshaw, to a van, to a hike… https://t.co/42Nj1TfKEA",https://t.co/42Nj1TfKEA,3,Grassland
206,Point,7.77E+17,2494363796,es,2016-09-17T13:29:07.000Z,37.5878,11.4905,En Etiopía disfrutamos del hike hasta las cataratas del Nilo Azul / In Ethiopia we enjoyed the… https://t.co/lwrpXUZXYy,https://t.co/lwrpXUZXYy,3,Grassland
207,Point,7.70E+17,3345420437,es,2016-08-30T05:49:53.000Z,37.5878,11.4905,"Cataratas del Nilo azul, Etiopia. Impresionante #etiopia #ethiopia #africa #fall #waterfall… https://t.co/7t2e9acQoc",https://t.co/7t2e9acQoc,3,Grassland
209,Point,7.56E+17,2831976308,en,2016-07-21T13:29:11.000Z,37.5878,11.4905,"Camera-shy cattle at the Blue Nile Falls. ???? ??? They put alpine cows to shame, climbing the… https://t.co/jizXgfwbdE",https://t.co/jizXgfwbdE,3,Grassland
210,Point,7.54E+17,2831976308,en,2016-07-15T20:02:54.000Z,37.5878,11.4905,No filter needed for the beauty of the Blue Nile Falls. ???????? #wewentchasingwaterfalls… https://t.co/Qka4Fk9WUi,https://t.co/Qka4Fk9WUi,3,Grassland
213,Point,7.28E+17,615247712,es,2016-05-05T11:19:26.000Z,37.5878,11.4905,"El puente portugués de camino al Nilo azul, que queda muy bonito decirlo pero no es azul es… https://t.co/GjLkpA2scQ",https://t.co/GjLkpA2scQ,3,Grassland
214,Point,6.91E+17,819828505,en,2016-01-24T18:09:08.000Z,37.5878,11.4905,This hanging bridge though... @ Blue Nile Falls https://t.co/fGAzjrWxRZ,https://t.co/fGAzjrWxRZ,3,Grassland
216,Point,6.89E+17,557779872,en,2016-01-17T19:11:00.000Z,37.5878,11.4905,"We went from the source of the Nile River over to the beautiful Blue Nile Falls, outside of… https://t.co/q0HT6i1w1w",https://t.co/q0HT6i1w1w,3,Grassland
181,Point,1.21E+18,331802622,en,2019-12-29T14:44:46.000Z,37.588,11.4905,I'm at The Blue Nile Waterfall https://t.co/UtbLY1oVPo,https://t.co/UtbLY1oVPo,3,Grassland
187,Point,1.07E+18,2370143220,en,2018-12-12T21:57:12.000Z,37.588,11.4905,????Visiting of waterfalls in blue Nile. #waterfalls #Bahirdar #Ethiopia @ The Blue Nile Waterfall https://t.co/pQ9y5dZvVB,https://t.co/pQ9y5dZvVB,3,Grassland
218,Point,9.38E+17,2202066812,en,2017-12-06T14:00:04.000Z,37.7,11.9167,It's 5 o'clock in Werota., ,4,Cropland
219,Point,8.58E+17,498013468,en,2017-04-27T15:54:02.000Z,37.7,11.9167,On my visit to kokit a small village in south Gondar .after feeding… https://t.co/jFZKhZ200C,https://t.co/jFZKhZ200C,4,Cropland
221,Point,7.42E+17,42064755,en,2016-06-13T19:28:04.000Z,37.7,11.9167,I had the pleasure  of sitting in on a PreK-2 classroom in a village in Ethiopia. I look forward… https://t.co/hWHCEXkETX,https://t.co/hWHCEXkETX,4,Cropland
217,Point,1.15E+18,8.33E+17,und,2019-07-22T10:00:45.000Z,37.7012,11.9295,@CMO_England, ,4,Cropland
222,Point,1.22E+18,4373146037,en,2020-01-20T10:39:07.000Z,37.7833,12.1167,"It's sunny and 75\nIt feels so good to be alive\nCome on baby don't stay inside\nEverybody's coming out tonight (in Adis Zemen, Ethiopia)", ,1,Tree_Cover
223,Point,7.49E+17,82845444,en,2016-07-01T13:29:52.000Z,37.7833,12.1167,It's a tough life out here... #addiszemen #ethiopia #cycletouring #cyclingaroundtheworld… https://t.co/0DDDd6mwUW,https://t.co/0DDDd6mwUW,1,Tree_Cover
